team_1,team_2,innings,over,ball,over_worm,batter,bowler,runs,wicket,score,wickets_lost,runs_to_win,target
India,Australia,1,0,1,0.16666666666666666,R Sharma,M Starc,4,,4,0,,
India,Australia,1,0,2,0.3333333333333333,R Sharma,M Starc,0,,4,0,,
India,Australia,1,0,3,0.5,R Sharma,M Starc,0,,4,0,,
India,Australia,1,0,4,0.6666666666666666,R Sharma,M Starc,0,,4,0,,
India,Australia,1,0,5,0.8333333333333334,R Sharma,M Starc,4,,8,0,,
India,Australia,1,0,6,1.0,R Sharma,M Starc,0,,8,0,,
India,Australia,1,1,1,1.1666666666666667,S Gill,J Hazlewood,0,,8,0,,
India,Australia,1,1,2,1.3333333333333333,S Gill,J Hazlewood,0,,8,0,,
India,Australia,1,1,3,1.5,S Gill,J Hazlewood,4,,12,0,,
India,Australia,1,1,4,1.6666666666666665,S Gill,J Hazlewood,4,,16,0,,
India,Australia,1,1,5,1.8333333333333335,S Gill,J Hazlewood,0,,16,0,,
India,Australia,1,1,6,2.0,S Gill,J Hazlewood,0,,16,0,,
India,Australia,1,2,1,2.1666666666666665,R Sharma,M Starc,0,,16,0,,
India,Australia,1,2,2,2.3333333333333335,R Sharma,M Starc,1,,17,0,,
India,Australia,1,2,3,2.5,S Gill,M Starc,0,,17,0,,
India,Australia,1,2,4,2.6666666666666665,S Gill,M Starc,0,,17,0,,
India,Australia,1,2,5,2.8333333333333335,S Gill,M Starc,4,,21,0,,
India,Australia,1,2,6,3.0,S Gill,M Starc,4,,25,0,,
India,Australia,1,3,1,3.1666666666666665,R Sharma,J Hazlewood,0,,25,0,,
India,Australia,1,3,2,3.3333333333333335,R Sharma,J Hazlewood,0,,25,0,,
India,Australia,1,3,3,3.5,R Sharma,J Hazlewood,0,,25,0,,
India,Australia,1,3,4,3.6666666666666665,R Sharma,J Hazlewood,4,,29,0,,
India,Australia,1,3,5,3.8333333333333335,R Sharma,J Hazlewood,4,,33,0,,
India,Australia,1,3,6,4.0,R Sharma,J Hazlewood,1,,34,0,,
India,Australia,1,4,1,4.166666666666667,R Sharma,M Starc,0,,34,0,,
India,Australia,1,4,2,4.333333333333333,R Sharma,M Starc,0,,34,0,,
India,Australia,1,4,3,4.5,R Sharma,M Starc,0,,34,0,,
India,Australia,1,4,4,4.666666666666667,R Sharma,M Starc,0,,34,0,,
India,Australia,1,4,5,4.833333333333333,R Sharma,M Starc,0,,34,0,,
India,Australia,1,4,6,5.0,R Sharma,M Starc,0,,34,0,,
India,Australia,1,5,1,5.166666666666667,S Gill,J Hazlewood,0,,34,0,,
India,Australia,1,5,2,5.333333333333333,S Gill,J Hazlewood,4,,38,0,,
India,Australia,1,5,3,5.5,S Gill,J Hazlewood,1,,39,0,,
India,Australia,1,5,4,5.666666666666667,R Sharma,J Hazlewood,0,,39,0,,
India,Australia,1,5,5,5.833333333333333,R Sharma,J Hazlewood,1,,40,0,,
India,Australia,1,5,6,6.0,S Gill,J Hazlewood,0,,40,0,,
India,Australia,1,6,1,6.166666666666667,R Sharma,P Cummins,1,,41,0,,
India,Australia,1,6,2,6.333333333333333,S Gill,P Cummins,1,,42,0,,
India,Australia,1,6,3,6.5,R Sharma,P Cummins,0,,42,0,,
India,Australia,1,6,4,6.666666666666667,R Sharma,P Cummins,1,,43,0,,
India,Australia,1,6,5,6.833333333333333,S Gill,P Cummins,0,,43,0,,
India,Australia,1,6,6,7.0,S Gill,P Cummins,4,,47,0,,
India,Australia,1,7,1,7.166666666666667,R Sharma,G Maxwell,4,,51,0,,
India,Australia,1,7,2,7.333333333333333,R Sharma,G Maxwell,2,,53,0,,
India,Australia,1,7,3,7.5,R Sharma,G Maxwell,0,,53,0,,
India,Australia,1,7,4,7.666666666666667,R Sharma,G Maxwell,1,,54,0,,
India,Australia,1,7,5,7.833333333333333,S Gill,G Maxwell,0,caught,54,1,,
India,Australia,1,7,6,8.0,V Kohli,G Maxwell,1,,55,1,,
India,Australia,1,8,1,8.166666666666666,V Kohli,P Cummins,3,,58,1,,
India,Australia,1,8,2,8.333333333333334,R Sharma,P Cummins,1,,59,1,,
India,Australia,1,8,3,8.5,V Kohli,P Cummins,0,,59,1,,
India,Australia,1,8,4,8.666666666666666,V Kohli,P Cummins,4,,63,1,,
India,Australia,1,8,5,8.833333333333334,V Kohli,P Cummins,0,,63,1,,
India,Australia,1,8,6,9.0,V Kohli,P Cummins,2,,65,1,,
India,Australia,1,9,1,9.166666666666666,R Sharma,G Maxwell,4,,69,1,,
India,Australia,1,9,2,9.333333333333334,R Sharma,G Maxwell,4,,73,1,,
India,Australia,1,9,3,9.5,R Sharma,G Maxwell,0,,73,1,,
India,Australia,1,9,4,9.666666666666666,R Sharma,G Maxwell,1,,74,1,,
India,Australia,1,9,5,9.833333333333334,V Kohli,G Maxwell,1,,75,1,,
India,Australia,1,9,6,10.0,R Sharma,G Maxwell,1,,76,1,,
India,Australia,1,10,1,10.166666666666666,R Sharma,P Cummins,1,,77,1,,
India,Australia,1,10,2,10.333333333333334,V Kohli,P Cummins,1,,78,1,,
India,Australia,1,10,3,10.5,R Sharma,P Cummins,0,,78,1,,
India,Australia,1,10,4,10.666666666666666,R Sharma,P Cummins,1,,79,1,,
India,Australia,1,10,5,10.833333333333334,V Kohli,P Cummins,2,,81,1,,
India,Australia,1,10,6,11.0,V Kohli,P Cummins,1,,82,1,,
India,Australia,1,11,1,11.166666666666666,V Kohli,G Maxwell,0,,82,1,,
India,Australia,1,11,2,11.333333333333334,V Kohli,G Maxwell,0,,82,1,,
India,Australia,1,11,3,11.5,V Kohli,G Maxwell,0,,82,1,,
India,Australia,1,11,4,11.666666666666666,V Kohli,G Maxwell,0,,82,1,,
India,Australia,1,11,5,11.833333333333334,V Kohli,G Maxwell,1,,83,1,,
India,Australia,1,11,6,12.0,R Sharma,G Maxwell,1,,84,1,,
India,Australia,1,12,1,12.166666666666666,R Sharma,M Starc,0,,84,1,,
India,Australia,1,12,2,12.333333333333334,R Sharma,M Starc,1,,85,1,,
India,Australia,1,12,3,12.5,V Kohli,M Starc,1,,86,1,,
India,Australia,1,12,4,12.666666666666666,R Sharma,M Starc,1,,87,1,,
India,Australia,1,12,5,12.833333333333334,V Kohli,M Starc,0,,87,1,,
India,Australia,1,12,6,13.0,V Kohli,M Starc,1,,88,1,,
India,Australia,1,13,1,13.166666666666666,V Kohli,A Zampa,1,,89,1,,
India,Australia,1,13,2,13.333333333333334,R Sharma,A Zampa,0,,89,1,,
India,Australia,1,13,3,13.5,R Sharma,A Zampa,0,,89,1,,
India,Australia,1,13,4,13.666666666666666,R Sharma,A Zampa,2,,91,1,,
India,Australia,1,13,5,13.833333333333334,R Sharma,A Zampa,0,,91,1,,
India,Australia,1,13,6,14.0,R Sharma,A Zampa,1,,92,1,,
India,Australia,1,14,1,14.166666666666666,R Sharma,M Starc,0,,92,1,,
India,Australia,1,14,2,14.333333333333334,R Sharma,M Starc,0,caught,92,2,,
India,Australia,1,14,3,14.5,S Iyer,M Starc,1,,93,2,,
India,Australia,1,14,4,14.666666666666666,V Kohli,M Starc,0,,93,2,,
India,Australia,1,14,5,14.833333333333334,V Kohli,M Starc,0,,93,2,,
India,Australia,1,14,6,15.0,V Kohli,M Starc,1,,94,2,,
India,Australia,1,15,1,15.166666666666666,V Kohli,A Zampa,4,,98,2,,
India,Australia,1,15,2,15.333333333333334,V Kohli,A Zampa,1,,99,2,,
India,Australia,1,15,3,15.5,S Iyer,A Zampa,0,,99,2,,
India,Australia,1,15,4,15.666666666666666,S Iyer,A Zampa,0,,99,2,,
India,Australia,1,15,5,15.833333333333334,S Iyer,A Zampa,0,,99,2,,
India,Australia,1,15,6,16.0,S Iyer,A Zampa,4,,103,2,,
India,Australia,1,16,1,16.166666666666668,V Kohli,M Stoinis,0,,103,2,,
India,Australia,1,16,2,16.333333333333332,V Kohli,M Stoinis,0,,103,2,,
India,Australia,1,16,3,16.5,V Kohli,M Stoinis,1,,104,2,,
India,Australia,1,16,4,16.666666666666668,S Iyer,M Stoinis,2,,106,2,,
India,Australia,1,16,5,16.833333333333332,S Iyer,M Stoinis,1,,107,2,,
India,Australia,1,16,6,17.0,V Kohli,M Stoinis,0,,107,2,,
India,Australia,1,17,1,17.166666666666668,S Iyer,A Zampa,4,,111,2,,
India,Australia,1,17,2,17.333333333333332,S Iyer,A Zampa,3,,114,2,,
India,Australia,1,17,3,17.5,V Kohli,A Zampa,1,,115,2,,
India,Australia,1,17,4,17.666666666666668,S Iyer,A Zampa,0,,115,2,,
India,Australia,1,17,5,17.833333333333332,S Iyer,A Zampa,0,,115,2,,
India,Australia,1,17,6,18.0,S Iyer,A Zampa,0,,115,2,,
India,Australia,1,18,1,18.166666666666668,V Kohli,M Stoinis,1,,116,2,,
India,Australia,1,18,2,18.333333333333332,S Iyer,M Stoinis,0,,116,2,,
India,Australia,1,18,3,18.5,S Iyer,M Stoinis,4,,120,2,,
India,Australia,1,18,4,18.666666666666668,S Iyer,M Stoinis,0,,120,2,,
India,Australia,1,18,5,18.833333333333332,S Iyer,M Stoinis,0,,120,2,,
India,Australia,1,18,6,19.0,S Iyer,M Stoinis,1,,121,2,,
India,Australia,1,19,1,19.166666666666668,S Iyer,G Maxwell,4,,125,2,,
India,Australia,1,19,2,19.333333333333332,S Iyer,G Maxwell,1,,126,2,,
India,Australia,1,19,3,19.5,V Kohli,G Maxwell,1,,127,2,,
India,Australia,1,19,4,19.666666666666668,S Iyer,G Maxwell,0,,127,2,,
India,Australia,1,19,5,19.833333333333332,S Iyer,G Maxwell,2,,129,2,,
India,Australia,1,19,6,20.0,S Iyer,G Maxwell,6,,135,2,,
India,Australia,1,20,1,20.166666666666668,V Kohli,J Hazlewood,0,,135,2,,
India,Australia,1,20,2,20.333333333333332,V Kohli,J Hazlewood,4,,139,2,,
India,Australia,1,20,3,20.5,V Kohli,J Hazlewood,0,,139,2,,
India,Australia,1,20,4,20.666666666666668,V Kohli,J Hazlewood,1,,140,2,,
India,Australia,1,20,5,20.833333333333332,S Iyer,J Hazlewood,0,,140,2,,
India,Australia,1,20,6,21.0,S Iyer,J Hazlewood,1,,141,2,,
India,Australia,1,21,1,21.166666666666668,S Iyer,P Cummins,1,,142,2,,
India,Australia,1,21,2,21.333333333333332,V Kohli,P Cummins,0,,142,2,,
India,Australia,1,21,3,21.5,V Kohli,P Cummins,1,,143,2,,
India,Australia,1,21,4,21.666666666666668,S Iyer,P Cummins,1,,144,2,,
India,Australia,1,21,5,21.833333333333332,V Kohli,P Cummins,1,,145,2,,
India,Australia,1,21,6,22.0,S Iyer,P Cummins,6,,151,2,,
India,Australia,1,22,1,22.166666666666668,V Kohli,J Hazlewood,4,,155,2,,
India,Australia,1,22,2,22.333333333333332,V Kohli,J Hazlewood,1,,156,2,,
India,Australia,1,22,3,22.5,S Iyer,J Hazlewood,2,,158,2,,
India,Australia,1,22,4,22.666666666666668,S Iyer,J Hazlewood,1,,159,2,,
India,Australia,1,22,5,22.833333333333332,V Kohli,J Hazlewood,0,,159,2,,
India,Australia,1,22,6,23.0,V Kohli,J Hazlewood,1,,160,2,,
India,Australia,1,23,1,23.166666666666668,V Kohli,G Maxwell,1,,161,2,,
India,Australia,1,23,2,23.333333333333332,S Iyer,G Maxwell,0,,161,2,,
India,Australia,1,23,3,23.5,S Iyer,G Maxwell,4,,165,2,,
India,Australia,1,23,4,23.666666666666668,S Iyer,G Maxwell,0,,165,2,,
India,Australia,1,23,5,23.833333333333332,S Iyer,G Maxwell,1,,166,2,,
India,Australia,1,23,6,24.0,V Kohli,G Maxwell,0,,166,2,,
India,Australia,1,24,1,24.166666666666668,S Iyer,P Cummins,0,,166,2,,
India,Australia,1,24,2,24.333333333333332,S Iyer,P Cummins,0,,166,2,,
India,Australia,1,24,3,24.5,S Iyer,P Cummins,2,,168,2,,
India,Australia,1,24,4,24.666666666666668,S Iyer,P Cummins,0,,168,2,,
India,Australia,1,24,5,24.833333333333332,S Iyer,P Cummins,4,,172,2,,
India,Australia,1,24,6,25.0,S Iyer,P Cummins,0,,172,2,,
India,Australia,1,25,1,25.166666666666668,V Kohli,G Maxwell,1,,173,2,,
India,Australia,1,25,2,25.333333333333332,S Iyer,G Maxwell,0,,173,2,,
India,Australia,1,25,3,25.5,S Iyer,G Maxwell,0,,173,2,,
India,Australia,1,25,4,25.666666666666668,S Iyer,G Maxwell,4,,177,2,,
India,Australia,1,25,5,25.833333333333332,S Iyer,G Maxwell,0,,177,2,,
India,Australia,1,25,6,26.0,S Iyer,G Maxwell,0,,177,2,,
India,Australia,1,26,1,26.166666666666668,V Kohli,P Cummins,1,,178,2,,
India,Australia,1,26,2,26.333333333333332,S Iyer,P Cummins,4,,182,2,,
India,Australia,1,26,3,26.5,S Iyer,P Cummins,0,,182,2,,
India,Australia,1,26,4,26.666666666666668,S Iyer,P Cummins,1,,183,2,,
India,Australia,1,26,5,26.833333333333332,V Kohli,P Cummins,1,,184,2,,
India,Australia,1,26,6,27.0,S Iyer,P Cummins,0,,184,2,,
India,Australia,1,27,1,27.166666666666668,V Kohli,A Zampa,0,,184,2,,
India,Australia,1,27,2,27.333333333333332,V Kohli,A Zampa,0,,184,2,,
India,Australia,1,27,3,27.5,V Kohli,A Zampa,1,,185,2,,
India,Australia,1,27,4,27.666666666666668,S Iyer,A Zampa,1,,186,2,,
India,Australia,1,27,5,27.833333333333332,V Kohli,A Zampa,1,,187,2,,
India,Australia,1,27,6,28.0,S Iyer,A Zampa,1,,188,2,,
India,Australia,1,28,1,28.166666666666668,S Iyer,P Cummins,4,,192,2,,
India,Australia,1,28,2,28.333333333333332,S Iyer,P Cummins,0,,192,2,,
India,Australia,1,28,3,28.5,S Iyer,P Cummins,0,,192,2,,
India,Australia,1,28,4,28.666666666666668,S Iyer,P Cummins,0,,192,2,,
India,Australia,1,28,5,28.833333333333332,S Iyer,P Cummins,0,,192,2,,
India,Australia,1,28,6,29.0,S Iyer,P Cummins,2,,194,2,,
India,Australia,1,29,1,29.166666666666668,V Kohli,A Zampa,0,,194,2,,
India,Australia,1,29,2,29.333333333333332,V Kohli,A Zampa,0,,194,2,,
India,Australia,1,29,3,29.5,V Kohli,A Zampa,0,,194,2,,
India,Australia,1,29,4,29.666666666666668,V Kohli,A Zampa,1,,195,2,,
India,Australia,1,29,5,29.833333333333332,S Iyer,A Zampa,0,,195,2,,
India,Australia,1,29,6,30.0,S Iyer,A Zampa,1,,196,2,,
India,Australia,1,30,1,30.166666666666668,S Iyer,M Starc,0,,196,2,,
India,Australia,1,30,2,30.333333333333332,S Iyer,M Starc,1,,197,2,,
India,Australia,1,30,3,30.5,V Kohli,M Starc,0,,197,2,,
India,Australia,1,30,4,30.666666666666668,V Kohli,M Starc,1,,198,2,,
India,Australia,1,30,5,30.833333333333332,S Iyer,M Starc,1,,199,2,,
India,Australia,1,30,6,31.0,V Kohli,M Starc,2,,201,2,,
India,Australia,1,31,1,31.166666666666668,S Iyer,A Zampa,1,,202,2,,
India,Australia,1,31,2,31.333333333333332,V Kohli,A Zampa,0,,202,2,,
India,Australia,1,31,3,31.5,V Kohli,A Zampa,0,,202,2,,
India,Australia,1,31,4,31.666666666666668,V Kohli,A Zampa,0,,202,2,,
India,Australia,1,31,5,31.833333333333332,V Kohli,A Zampa,0,,202,2,,
India,Australia,1,31,6,32.0,V Kohli,A Zampa,1,,203,2,,
India,Australia,1,32,1,32.166666666666664,V Kohli,M Starc,0,,203,2,,
India,Australia,1,32,2,32.333333333333336,V Kohli,M Starc,1,,204,2,,
India,Australia,1,32,3,32.5,S Iyer,M Starc,4,,208,2,,
India,Australia,1,32,4,32.666666666666664,S Iyer,M Starc,1,,209,2,,
India,Australia,1,32,5,32.833333333333336,V Kohli,M Starc,0,,209,2,,
India,Australia,1,32,6,33.0,V Kohli,M Starc,1,,210,2,,
India,Australia,1,33,1,33.166666666666664,V Kohli,G Maxwell,0,,210,2,,
India,Australia,1,33,2,33.333333333333336,V Kohli,G Maxwell,1,,211,2,,
India,Australia,1,33,3,33.5,S Iyer,G Maxwell,1,,212,2,,
India,Australia,1,33,4,33.666666666666664,V Kohli,G Maxwell,0,,212,2,,
India,Australia,1,33,5,33.833333333333336,V Kohli,G Maxwell,4,,216,2,,
India,Australia,1,33,6,34.0,V Kohli,G Maxwell,1,,217,2,,
India,Australia,1,34,1,34.166666666666664,V Kohli,M Starc,1,,218,2,,
India,Australia,1,34,2,34.333333333333336,S Iyer,M Starc,1,,219,2,,
India,Australia,1,34,3,34.5,V Kohli,M Starc,2,,221,2,,
India,Australia,1,34,4,34.666666666666664,V Kohli,M Starc,0,,221,2,,
India,Australia,1,34,5,34.833333333333336,V Kohli,M Starc,4,,225,2,,
India,Australia,1,34,6,35.0,V Kohli,M Starc,0,,225,2,,
India,Australia,1,35,1,35.166666666666664,S Iyer,G Maxwell,2,,227,2,,
India,Australia,1,35,2,35.333333333333336,S Iyer,G Maxwell,0,,227,2,,
India,Australia,1,35,3,35.5,S Iyer,G Maxwell,0,,227,2,,
India,Australia,1,35,4,35.666666666666664,S Iyer,G Maxwell,1,,228,2,,
India,Australia,1,35,5,35.833333333333336,V Kohli,G Maxwell,0,,228,2,,
India,Australia,1,35,6,36.0,V Kohli,G Maxwell,1,,229,2,,
India,Australia,1,36,1,36.166666666666664,V Kohli,J Hazlewood,4,,233,2,,
India,Australia,1,36,2,36.333333333333336,V Kohli,J Hazlewood,0,,233,2,,
India,Australia,1,36,3,36.5,V Kohli,J Hazlewood,0,,233,2,,
India,Australia,1,36,4,36.666666666666664,V Kohli,J Hazlewood,1,,234,2,,
India,Australia,1,36,5,36.833333333333336,S Iyer,J Hazlewood,1,,235,2,,
India,Australia,1,36,6,37.0,V Kohli,J Hazlewood,0,,235,2,,
India,Australia,1,37,1,37.166666666666664,S Iyer,A Zampa,1,,236,2,,
India,Australia,1,37,2,37.333333333333336,V Kohli,A Zampa,4,,240,2,,
India,Australia,1,37,3,37.5,V Kohli,A Zampa,1,,241,2,,
India,Australia,1,37,4,37.666666666666664,S Iyer,A Zampa,4,,245,2,,
India,Australia,1,37,5,37.833333333333336,S Iyer,A Zampa,1,,246,2,,
India,Australia,1,37,6,38.0,V Kohli,A Zampa,1,,247,2,,
India,Australia,1,38,1,38.166666666666664,V Kohli,J Hazlewood,1,,248,2,,
India,Australia,1,38,2,38.333333333333336,S Iyer,J Hazlewood,4,,252,2,,
India,Australia,1,38,3,38.5,S Iyer,J Hazlewood,1,,253,2,,
India,Australia,1,38,4,38.666666666666664,V Kohli,J Hazlewood,2,,255,2,,
India,Australia,1,38,5,38.833333333333336,V Kohli,J Hazlewood,0,,255,2,,
India,Australia,1,38,6,39.0,V Kohli,J Hazlewood,1,,256,2,,
India,Australia,1,39,1,39.166666666666664,V Kohli,A Zampa,0,,256,2,,
India,Australia,1,39,2,39.333333333333336,V Kohli,A Zampa,4,,260,2,,
India,Australia,1,39,3,39.5,V Kohli,A Zampa,2,,262,2,,
India,Australia,1,39,4,39.666666666666664,V Kohli,A Zampa,4,,266,2,,
India,Australia,1,39,5,39.833333333333336,V Kohli,A Zampa,1,,267,2,,
India,Australia,1,39,6,40.0,S Iyer,A Zampa,2,,269,2,,
India,Australia,1,40,1,40.166666666666664,V Kohli,M Starc,1,,270,2,,
India,Australia,1,40,2,40.333333333333336,S Iyer,M Starc,0,,270,2,,
India,Australia,1,40,3,40.5,S Iyer,M Starc,1,,271,2,,
India,Australia,1,40,4,40.666666666666664,V Kohli,M Starc,1,,272,2,,
India,Australia,1,40,5,40.833333333333336,S Iyer,M Starc,1,,273,2,,
India,Australia,1,40,6,41.0,V Kohli,M Starc,4,,277,2,,
India,Australia,1,41,1,41.166666666666664,S Iyer,G Maxwell,0,,277,2,,
India,Australia,1,41,2,41.333333333333336,S Iyer,G Maxwell,0,caught,277,3,,
India,Australia,1,41,3,41.5,K Rahul,G Maxwell,1,,278,3,,
India,Australia,1,41,4,41.666666666666664,V Kohli,G Maxwell,0,,278,3,,
India,Australia,1,41,5,41.833333333333336,V Kohli,G Maxwell,4,,282,3,,
India,Australia,1,41,6,42.0,V Kohli,G Maxwell,1,,283,3,,
India,Australia,1,42,1,42.166666666666664,V Kohli,M Starc,2,,285,3,,
India,Australia,1,42,2,42.333333333333336,V Kohli,M Starc,2,,287,3,,
India,Australia,1,42,3,42.5,V Kohli,M Starc,4,,291,3,,
India,Australia,1,42,4,42.666666666666664,V Kohli,M Starc,0,,291,3,,
India,Australia,1,42,5,42.833333333333336,V Kohli,M Starc,1,,292,3,,
India,Australia,1,42,6,43.0,K Rahul,M Starc,1,,293,3,,
India,Australia,1,43,1,43.166666666666664,K Rahul,G Maxwell,1,,294,3,,
India,Australia,1,43,2,43.333333333333336,V Kohli,G Maxwell,1,,295,3,,
India,Australia,1,43,3,43.5,K Rahul,G Maxwell,0,,295,3,,
India,Australia,1,43,4,43.666666666666664,K Rahul,G Maxwell,0,,295,3,,
India,Australia,1,43,5,43.833333333333336,K Rahul,G Maxwell,0,,295,3,,
India,Australia,1,43,6,44.0,K Rahul,G Maxwell,1,,296,3,,
India,Australia,1,44,1,44.166666666666664,K Rahul,A Zampa,4,,300,3,,
India,Australia,1,44,2,44.333333333333336,K Rahul,A Zampa,1,,301,3,,
India,Australia,1,44,3,44.5,V Kohli,A Zampa,1,,302,3,,
India,Australia,1,44,4,44.666666666666664,K Rahul,A Zampa,1,,303,3,,
India,Australia,1,44,5,44.833333333333336,V Kohli,A Zampa,6,,309,3,,
India,Australia,1,44,6,45.0,V Kohli,A Zampa,1,,310,3,,
India,Australia,1,45,1,45.166666666666664,V Kohli,A Zampa,0,,310,3,,
India,Australia,1,45,2,45.333333333333336,V Kohli,A Zampa,0,run out,310,4,,
India,Australia,1,45,3,45.5,S Yadav,A Zampa,5,,315,4,,
India,Australia,1,45,4,45.666666666666664,K Rahul,A Zampa,1,,316,4,,
India,Australia,1,45,5,45.833333333333336,S Yadav,A Zampa,0,bowled,316,5,,
India,Australia,1,45,6,46.0,R Jadeja,A Zampa,0,,316,5,,
India,Australia,1,46,1,46.166666666666664,K Rahul,J Hazlewood,4,,320,5,,
India,Australia,1,46,2,46.333333333333336,K Rahul,J Hazlewood,1,,321,5,,
India,Australia,1,46,3,46.5,R Jadeja,J Hazlewood,4,,325,5,,
India,Australia,1,46,4,46.666666666666664,R Jadeja,J Hazlewood,1,,326,5,,
India,Australia,1,46,5,46.833333333333336,K Rahul,J Hazlewood,1,,327,5,,
India,Australia,1,46,6,47.0,R Jadeja,J Hazlewood,0,caught,327,6,,
India,Australia,1,47,1,47.166666666666664,K Rahul,J Hazlewood,1,,328,6,,
India,Australia,1,47,2,47.333333333333336,M Shami,J Hazlewood,0,,328,6,,
India,Australia,1,47,3,47.5,M Shami,J Hazlewood,1,,329,6,,
India,Australia,1,47,4,47.666666666666664,K Rahul,J Hazlewood,2,,331,6,,
India,Australia,1,47,5,47.833333333333336,K Rahul,J Hazlewood,4,,335,6,,
India,Australia,1,47,6,48.0,K Rahul,J Hazlewood,4,,339,6,,
India,Australia,1,48,1,48.166666666666664,M Shami,J Hazlewood,1,,340,6,,
India,Australia,1,48,2,48.333333333333336,K Rahul,J Hazlewood,0,,340,6,,
India,Australia,1,48,3,48.5,K Rahul,J Hazlewood,1,,341,6,,
India,Australia,1,48,4,48.666666666666664,M Shami,J Hazlewood,0,,341,6,,
India,Australia,1,48,5,48.833333333333336,M Shami,J Hazlewood,1,,342,6,,
India,Australia,1,48,6,49.0,K Rahul,J Hazlewood,0,bowled,342,7,,
India,Australia,1,49,1,49.166666666666664,M Shami,P Cummins,1,,343,7,,
India,Australia,1,49,2,49.333333333333336,J Bumrah,P Cummins,1,,344,7,,
India,Australia,1,49,3,49.5,M Shami,P Cummins,1,,345,7,,
India,Australia,1,49,4,49.666666666666664,J Bumrah,P Cummins,1,,346,7,,
India,Australia,1,49,5,49.833333333333336,M Shami,P Cummins,1,,347,7,,
India,Australia,1,49,6,50.0,J Bumrah,P Cummins,2,,349,7,,
India,Australia,2,0,1,0.16666666666666666,M Marsh,J Bumrah,0,,0,0,350,350
India,Australia,2,0,2,0.3333333333333333,M Marsh,J Bumrah,0,,0,0,350,350
India,Australia,2,0,3,0.5,M Marsh,J Bumrah,0,,0,0,350,350
India,Australia,2,0,4,0.6666666666666666,M Marsh,J Bumrah,4,,4,0,346,350
India,Australia,2,0,5,0.8333333333333334,M Marsh,J Bumrah,1,,5,0,345,350
India,Australia,2,0,6,1.0,D Warner,J Bumrah,0,,5,0,345,350
India,Australia,2,1,1,1.1666666666666667,M Marsh,M Siraj,0,,5,0,345,350
India,Australia,2,1,2,1.3333333333333333,M Marsh,M Siraj,0,,5,0,345,350
India,Australia,2,1,3,1.5,M Marsh,M Siraj,1,,6,0,344,350
India,Australia,2,1,4,1.6666666666666665,D Warner,M Siraj,0,,6,0,344,350
India,Australia,2,1,5,1.8333333333333335,D Warner,M Siraj,1,,7,0,343,350
India,Australia,2,1,6,2.0,M Marsh,M Siraj,2,,9,0,341,350
India,Australia,2,2,1,2.1666666666666665,D Warner,J Bumrah,4,,13,0,337,350
India,Australia,2,2,2,2.3333333333333335,D Warner,J Bumrah,0,,13,0,337,350
India,Australia,2,2,3,2.5,D Warner,J Bumrah,0,,13,0,337,350
India,Australia,2,2,4,2.6666666666666665,D Warner,J Bumrah,0,,13,0,337,350
India,Australia,2,2,5,2.8333333333333335,D Warner,J Bumrah,4,,17,0,333,350
India,Australia,2,2,6,3.0,D Warner,J Bumrah,0,,17,0,333,350
India,Australia,2,3,1,3.1666666666666665,M Marsh,M Siraj,1,,18,0,332,350
India,Australia,2,3,2,3.3333333333333335,D Warner,M Siraj,0,,18,0,332,350
India,Australia,2,3,3,3.5,D Warner,M Siraj,0,,18,0,332,350
India,Australia,2,3,4,3.6666666666666665,D Warner,M Siraj,0,,18,0,332,350
India,Australia,2,3,5,3.8333333333333335,D Warner,M Siraj,0,,18,0,332,350
India,Australia,2,3,6,4.0,D Warner,M Siraj,0,,18,0,332,350
India,Australia,2,4,1,4.166666666666667,M Marsh,J Bumrah,1,,19,0,331,350
India,Australia,2,4,2,4.333333333333333,D Warner,J Bumrah,0,,19,0,331,350
India,Australia,2,4,3,4.5,D Warner,J Bumrah,1,,20,0,330,350
India,Australia,2,4,4,4.666666666666667,M Marsh,J Bumrah,0,,20,0,330,350
India,Australia,2,4,5,4.833333333333333,M Marsh,J Bumrah,1,,21,0,329,350
India,Australia,2,4,6,5.0,D Warner,J Bumrah,1,,22,0,328,350
India,Australia,2,5,1,5.166666666666667,D Warner,M Siraj,4,,26,0,324,350
India,Australia,2,5,2,5.333333333333333,D Warner,M Siraj,0,,26,0,324,350
India,Australia,2,5,3,5.5,D Warner,M Siraj,0,caught,26,1,324,350
India,Australia,2,5,4,5.666666666666667,S Smith,M Siraj,4,,30,1,320,350
India,Australia,2,5,5,5.833333333333333,S Smith,M Siraj,0,,30,1,320,350
India,Australia,2,5,6,6.0,S Smith,M Siraj,0,,30,1,320,350
India,Australia,2,6,1,6.166666666666667,M Marsh,J Bumrah,0,,30,1,320,350
India,Australia,2,6,2,6.333333333333333,M Marsh,J Bumrah,0,,30,1,320,350
India,Australia,2,6,3,6.5,M Marsh,J Bumrah,4,,34,1,316,350
India,Australia,2,6,4,6.666666666666667,M Marsh,J Bumrah,2,,36,1,314,350
India,Australia,2,6,5,6.833333333333333,M Marsh,J Bumrah,0,,36,1,314,350
India,Australia,2,6,6,7.0,M Marsh,J Bumrah,0,,36,1,314,350
India,Australia,2,7,1,7.166666666666667,S Smith,M Siraj,0,,36,1,314,350
India,Australia,2,7,2,7.333333333333333,S Smith,M Siraj,0,,36,1,314,350
India,Australia,2,7,3,7.5,S Smith,M Siraj,2,,38,1,312,350
India,Australia,2,7,4,7.666666666666667,S Smith,M Siraj,0,,38,1,312,350
India,Australia,2,7,5,7.833333333333333,S Smith,M Siraj,0,caught,38,2,312,350
India,Australia,2,7,6,8.0,M Labuschagne,M Siraj,4,,42,2,308,350
India,Australia,2,8,1,8.166666666666666,M Marsh,J Bumrah,4,,46,2,304,350
India,Australia,2,8,2,8.333333333333334,M Marsh,J Bumrah,1,,47,2,303,350
India,Australia,2,8,3,8.5,M Labuschagne,J Bumrah,0,,47,2,303,350
India,Australia,2,8,4,8.666666666666666,M Labuschagne,J Bumrah,2,,49,2,301,350
India,Australia,2,8,5,8.833333333333334,M Labuschagne,J Bumrah,1,,50,2,300,350
India,Australia,2,8,6,9.0,M Marsh,J Bumrah,0,,50,2,300,350
India,Australia,2,9,1,9.166666666666666,M Labuschagne,M Shami,0,,50,2,300,350
India,Australia,2,9,2,9.333333333333334,M Labuschagne,M Shami,1,,51,2,299,350
India,Australia,2,9,3,9.5,M Marsh,M Shami,2,,53,2,297,350
India,Australia,2,9,4,9.666666666666666,M Marsh,M Shami,1,,54,2,296,350
India,Australia,2,9,5,9.833333333333334,M Labuschagne,M Shami,1,,55,2,295,350
India,Australia,2,9,6,10.0,M Marsh,M Shami,1,,56,2,294,350
India,Australia,2,10,1,10.166666666666666,M Marsh,M Siraj,0,bowled,56,3,294,350
India,Australia,2,10,2,10.333333333333334,J Inglis,M Siraj,0,,56,3,294,350
India,Australia,2,10,3,10.5,J Inglis,M Siraj,1,,57,3,293,350
India,Australia,2,10,4,10.666666666666666,M Labuschagne,M Siraj,1,,58,3,292,350
India,Australia,2,10,5,10.833333333333334,J Inglis,M Siraj,1,,59,3,291,350
India,Australia,2,10,6,11.0,M Labuschagne,M Siraj,4,,63,3,287,350
India,Australia,2,11,1,11.166666666666666,J Inglis,M Shami,4,,67,3,283,350
India,Australia,2,11,2,11.333333333333334,J Inglis,M Shami,0,,67,3,283,350
India,Australia,2,11,3,11.5,J Inglis,M Shami,0,,67,3,283,350
India,Australia,2,11,4,11.666666666666666,J Inglis,M Shami,3,,70,3,280,350
India,Australia,2,11,5,11.833333333333334,M Labuschagne,M Shami,1,,71,3,279,350
India,Australia,2,11,6,12.0,J Inglis,M Shami,0,,71,3,279,350
India,Australia,2,12,1,12.166666666666666,M Labuschagne,M Siraj,0,,71,3,279,350
India,Australia,2,12,2,12.333333333333334,M Labuschagne,M Siraj,0,,71,3,279,350
India,Australia,2,12,3,12.5,M Labuschagne,M Siraj,2,,73,3,277,350
India,Australia,2,12,4,12.666666666666666,M Labuschagne,M Siraj,0,,73,3,277,350
India,Australia,2,12,5,12.833333333333334,M Labuschagne,M Siraj,1,,74,3,276,350
India,Australia,2,12,6,13.0,J Inglis,M Siraj,6,,80,3,270,350
India,Australia,2,13,1,13.166666666666666,M Labuschagne,M Shami,0,,80,3,270,350
India,Australia,2,13,2,13.333333333333334,M Labuschagne,M Shami,0,,80,3,270,350
India,Australia,2,13,3,13.5,M Labuschagne,M Shami,1,,81,3,269,350
India,Australia,2,13,4,13.666666666666666,J Inglis,M Shami,0,,81,3,269,350
India,Australia,2,13,5,13.833333333333334,J Inglis,M Shami,1,,82,3,268,350
India,Australia,2,13,6,14.0,M Labuschagne,M Shami,0,,82,3,268,350
India,Australia,2,14,1,14.166666666666666,J Inglis,M Siraj,4,,86,3,264,350
India,Australia,2,14,2,14.333333333333334,J Inglis,M Siraj,0,,86,3,264,350
India,Australia,2,14,3,14.5,J Inglis,M Siraj,0,,86,3,264,350
India,Australia,2,14,4,14.666666666666666,J Inglis,M Siraj,1,,87,3,263,350
India,Australia,2,14,5,14.833333333333334,M Labuschagne,M Siraj,2,,89,3,261,350
India,Australia,2,14,6,15.0,M Labuschagne,M Siraj,1,,90,3,260,350
India,Australia,2,15,1,15.166666666666666,M Labuschagne,M Shami,0,,90,3,260,350
India,Australia,2,15,2,15.333333333333334,M Labuschagne,M Shami,0,,90,3,260,350
India,Australia,2,15,3,15.5,M Labuschagne,M Shami,1,,91,3,259,350
India,Australia,2,15,4,15.666666666666666,J Inglis,M Shami,0,,91,3,259,350
India,Australia,2,15,5,15.833333333333334,J Inglis,M Shami,0,,91,3,259,350
India,Australia,2,15,6,16.0,J Inglis,M Shami,1,,92,3,258,350
India,Australia,2,16,1,16.166666666666668,J Inglis,K Yadav,0,,92,3,258,350
India,Australia,2,16,2,16.333333333333332,J Inglis,K Yadav,4,,96,3,254,350
India,Australia,2,16,3,16.5,J Inglis,K Yadav,0,,96,3,254,350
India,Australia,2,16,4,16.666666666666668,J Inglis,K Yadav,1,,97,3,253,350
India,Australia,2,16,5,16.833333333333332,M Labuschagne,K Yadav,0,,97,3,253,350
India,Australia,2,16,6,17.0,M Labuschagne,K Yadav,1,,98,3,252,350
India,Australia,2,17,1,17.166666666666668,M Labuschagne,M Shami,4,,102,3,248,350
India,Australia,2,17,2,17.333333333333332,M Labuschagne,M Shami,0,,102,3,248,350
India,Australia,2,17,3,17.5,M Labuschagne,M Shami,0,,102,3,248,350
India,Australia,2,17,4,17.666666666666668,M Labuschagne,M Shami,4,,106,3,244,350
India,Australia,2,17,5,17.833333333333332,M Labuschagne,M Shami,0,,106,3,244,350
India,Australia,2,17,6,18.0,M Labuschagne,M Shami,1,,107,3,243,350
India,Australia,2,18,1,18.166666666666668,M Labuschagne,K Yadav,0,,107,3,243,350
India,Australia,2,18,2,18.333333333333332,M Labuschagne,K Yadav,1,,108,3,242,350
India,Australia,2,18,3,18.5,J Inglis,K Yadav,1,,109,3,241,350
India,Australia,2,18,4,18.666666666666668,M Labuschagne,K Yadav,1,,110,3,240,350
India,Australia,2,18,5,18.833333333333332,J Inglis,K Yadav,0,,110,3,240,350
India,Australia,2,18,6,19.0,J Inglis,K Yadav,0,,110,3,240,350
India,Australia,2,19,1,19.166666666666668,M Labuschagne,R Jadeja,1,,111,3,239,350
India,Australia,2,19,2,19.333333333333332,J Inglis,R Jadeja,0,,111,3,239,350
India,Australia,2,19,3,19.5,J Inglis,R Jadeja,0,,111,3,239,350
India,Australia,2,19,4,19.666666666666668,J Inglis,R Jadeja,2,,113,3,237,350
India,Australia,2,19,5,19.833333333333332,J Inglis,R Jadeja,2,,115,3,235,350
India,Australia,2,19,6,20.0,J Inglis,R Jadeja,1,,116,3,234,350
India,Australia,2,20,1,20.166666666666668,J Inglis,M Siraj,1,,117,3,233,350
India,Australia,2,20,2,20.333333333333332,M Labuschagne,M Siraj,0,,117,3,233,350
India,Australia,2,20,3,20.5,M Labuschagne,M Siraj,0,,117,3,233,350
India,Australia,2,20,4,20.666666666666668,M Labuschagne,M Siraj,0,bowled,117,4,233,350
India,Australia,2,20,5,20.833333333333332,G Maxwell,M Siraj,0,,117,4,233,350
India,Australia,2,20,6,21.0,G Maxwell,M Siraj,0,,117,4,233,350
India,Australia,2,21,1,21.166666666666668,J Inglis,M Siraj,0,,117,4,233,350
India,Australia,2,21,2,21.333333333333332,J Inglis,M Siraj,0,,117,4,233,350
India,Australia,2,21,3,21.5,J Inglis,M Siraj,0,,117,4,233,350
India,Australia,2,21,4,21.666666666666668,J Inglis,M Siraj,1,,118,4,232,350
India,Australia,2,21,5,21.833333333333332,G Maxwell,M Siraj,1,,119,4,231,350
India,Australia,2,21,6,22.0,J Inglis,M Siraj,2,,121,4,229,350
India,Australia,2,22,1,22.166666666666668,G Maxwell,M Siraj,4,,125,4,225,350
India,Australia,2,22,2,22.333333333333332,G Maxwell,M Siraj,0,,125,4,225,350
India,Australia,2,22,3,22.5,G Maxwell,M Siraj,2,,127,4,223,350
India,Australia,2,22,4,22.666666666666668,G Maxwell,M Siraj,0,caught,127,5,223,350
India,Australia,2,22,5,22.833333333333332,M Stoinis,M Siraj,1,,128,5,222,350
India,Australia,2,22,6,23.0,J Inglis,M Siraj,4,,132,5,218,350
India,Australia,2,23,1,23.166666666666668,M Stoinis,J Bumrah,0,,132,5,218,350
India,Australia,2,23,2,23.333333333333332,M Stoinis,J Bumrah,1,,133,5,217,350
India,Australia,2,23,3,23.5,J Inglis,J Bumrah,1,,134,5,216,350
India,Australia,2,23,4,23.666666666666668,M Stoinis,J Bumrah,0,,134,5,216,350
India,Australia,2,23,5,23.833333333333332,M Stoinis,J Bumrah,1,,135,5,215,350
India,Australia,2,23,6,24.0,J Inglis,J Bumrah,0,,135,5,215,350
India,Australia,2,24,1,24.166666666666668,M Stoinis,J Bumrah,0,,135,5,215,350
India,Australia,2,24,2,24.333333333333332,M Stoinis,J Bumrah,0,,135,5,215,350
India,Australia,2,24,3,24.5,M Stoinis,J Bumrah,1,,136,5,214,350
India,Australia,2,24,4,24.666666666666668,J Inglis,J Bumrah,1,,137,5,213,350
India,Australia,2,24,5,24.833333333333332,M Stoinis,J Bumrah,4,,141,5,209,350
India,Australia,2,24,6,25.0,M Stoinis,J Bumrah,0,,141,5,209,350
India,Australia,2,25,1,25.166666666666668,J Inglis,J Bumrah,0,lbw,141,6,209,350
India,Australia,2,25,2,25.333333333333332,M Starc,J Bumrah,0,,141,6,209,350
India,Australia,2,25,3,25.5,M Starc,J Bumrah,0,,141,6,209,350
India,Australia,2,25,4,25.666666666666668,M Starc,J Bumrah,4,,145,6,205,350
India,Australia,2,25,5,25.833333333333332,M Starc,J Bumrah,0,,145,6,205,350
India,Australia,2,25,6,26.0,M Starc,J Bumrah,0,,145,6,205,350
India,Australia,2,26,1,26.166666666666668,M Stoinis,J Bumrah,0,,145,6,205,350
India,Australia,2,26,2,26.333333333333332,M Stoinis,J Bumrah,0,bowled,145,7,205,350
India,Australia,2,26,3,26.5,P Cummins,J Bumrah,4,,149,7,201,350
India,Australia,2,26,4,26.666666666666668,P Cummins,J Bumrah,2,,151,7,199,350
India,Australia,2,26,5,26.833333333333332,P Cummins,J Bumrah,0,,151,7,199,350
India,Australia,2,26,6,27.0,P Cummins,J Bumrah,2,,153,7,197,350
India,Australia,2,27,1,27.166666666666668,M Starc,J Bumrah,0,,153,7,197,350
India,Australia,2,27,2,27.333333333333332,M Starc,J Bumrah,1,,154,7,196,350
India,Australia,2,27,3,27.5,P Cummins,J Bumrah,0,,154,7,196,350
India,Australia,2,27,4,27.666666666666668,P Cummins,J Bumrah,1,,155,7,195,350
India,Australia,2,27,5,27.833333333333332,M Starc,J Bumrah,0,,155,7,195,350
India,Australia,2,27,6,28.0,M Starc,J Bumrah,1,,156,7,194,350
India,Australia,2,28,1,28.166666666666668,M Starc,M Shami,0,,156,7,194,350
India,Australia,2,28,2,28.333333333333332,M Starc,M Shami,0,,156,7,194,350
India,Australia,2,28,3,28.5,M Starc,M Shami,0,,156,7,194,350
India,Australia,2,28,4,28.666666666666668,M Starc,M Shami,4,,160,7,190,350
India,Australia,2,28,5,28.833333333333332,M Starc,M Shami,0,,160,7,190,350
India,Australia,2,28,6,29.0,M Starc,M Shami,0,,160,7,190,350
India,Australia,2,29,1,29.166666666666668,P Cummins,M Shami,2,,162,7,188,350
India,Australia,2,29,2,29.333333333333332,P Cummins,M Shami,0,,162,7,188,350
India,Australia,2,29,3,29.5,P Cummins,M Shami,0,,162,7,188,350
India,Australia,2,29,4,29.666666666666668,P Cummins,M Shami,0,,162,7,188,350
India,Australia,2,29,5,29.833333333333332,P Cummins,M Shami,0,,162,7,188,350
India,Australia,2,29,6,30.0,P Cummins,M Shami,4,,166,7,184,350
India,Australia,2,30,1,30.166666666666668,M Starc,M Shami,0,,166,7,184,350
India,Australia,2,30,2,30.333333333333332,M Starc,M Shami,1,,167,7,183,350
India,Australia,2,30,3,30.5,P Cummins,M Shami,0,,167,7,183,350
India,Australia,2,30,4,30.666666666666668,P Cummins,M Shami,0,,167,7,183,350
India,Australia,2,30,5,30.833333333333332,P Cummins,M Shami,0,,167,7,183,350
India,Australia,2,30,6,31.0,P Cummins,M Shami,1,,168,7,182,350
India,Australia,2,31,1,31.166666666666668,P Cummins,M Shami,1,,169,7,181,350
India,Australia,2,31,2,31.333333333333332,M Starc,M Shami,0,,169,7,181,350
India,Australia,2,31,3,31.5,M Starc,M Shami,1,,170,7,180,350
India,Australia,2,31,4,31.666666666666668,P Cummins,M Shami,1,,171,7,179,350
India,Australia,2,31,5,31.833333333333332,M Starc,M Shami,1,,172,7,178,350
India,Australia,2,31,6,32.0,P Cummins,M Shami,1,,173,7,177,350
India,Australia,2,32,1,32.166666666666664,P Cummins,M Shami,1,,174,7,176,350
India,Australia,2,32,2,32.333333333333336,M Starc,M Shami,0,,174,7,176,350
India,Australia,2,32,3,32.5,M Starc,M Shami,3,,177,7,173,350
India,Australia,2,32,4,32.666666666666664,P Cummins,M Shami,1,,178,7,172,350
India,Australia,2,32,5,32.833333333333336,M Starc,M Shami,4,,182,7,168,350
India,Australia,2,32,6,33.0,M Starc,M Shami,1,,183,7,167,350
India,Australia,2,33,1,33.166666666666664,M Starc,K Yadav,0,,183,7,167,350
India,Australia,2,33,2,33.333333333333336,M Starc,K Yadav,0,caught,183,8,167,350
India,Australia,2,33,3,33.5,A Zampa,K Yadav,0,,183,8,167,350
India,Australia,2,33,4,33.666666666666664,A Zampa,K Yadav,1,,184,8,166,350
India,Australia,2,33,5,33.833333333333336,P Cummins,K Yadav,0,,184,8,166,350
India,Australia,2,33,6,34.0,P Cummins,K Yadav,1,,185,8,165,350
India,Australia,2,34,1,34.166666666666664,P Cummins,K Yadav,0,,185,8,165,350
India,Australia,2,34,2,34.333333333333336,P Cummins,K Yadav,0,caught,185,9,165,350
India,Australia,2,34,3,34.5,J Hazlewood,K Yadav,0,,185,9,165,350
India,Australia,2,34,4,34.666666666666664,J Hazlewood,K Yadav,4,,189,9,161,350
India,Australia,2,34,5,34.833333333333336,J Hazlewood,K Yadav,0,,189,9,161,350
India,Australia,2,34,6,35.0,J Hazlewood,K Yadav,2,,191,9,159,350
India,Australia,2,35,1,35.166666666666664,A Zampa,K Yadav,0,,191,9,159,350
India,Australia,2,35,2,35.333333333333336,A Zampa,K Yadav,0,,191,9,159,350
India,Australia,2,35,3,35.5,A Zampa,K Yadav,0,,191,9,159,350
India,Australia,2,35,4,35.666666666666664,A Zampa,K Yadav,0,,191,9,159,350
India,Australia,2,35,5,35.833333333333336,A Zampa,K Yadav,0,,191,9,159,350
India,Australia,2,35,6,36.0,A Zampa,K Yadav,1,,192,9,158,350
India,Australia,2,36,1,36.166666666666664,A Zampa,K Yadav,0,,192,9,158,350
India,Australia,2,36,2,36.333333333333336,A Zampa,K Yadav,0,,192,9,158,350
India,Australia,2,36,3,36.5,A Zampa,K Yadav,2,,194,9,156,350
India,Australia,2,36,4,36.666666666666664,A Zampa,K Yadav,1,,195,9,155,350
India,Australia,2,36,5,36.833333333333336,J Hazlewood,K Yadav,1,,196,9,154,350
India,Australia,2,36,6,37.0,A Zampa,K Yadav,0,,196,9,154,350
India,Australia,2,37,1,37.166666666666664,J Hazlewood,K Yadav,0,,196,9,154,350
India,Australia,2,37,2,37.333333333333336,J Hazlewood,K Yadav,0,,196,9,154,350
India,Australia,2,37,3,37.5,J Hazlewood,K Yadav,6,,202,9,148,350
India,Australia,2,37,4,37.666666666666664,J Hazlewood,K Yadav,1,,203,9,147,350
India,Australia,2,37,5,37.833333333333336,A Zampa,K Yadav,4,,207,9,143,350
India,Australia,2,37,6,38.0,A Zampa,K Yadav,1,,208,9,142,350
India,Australia,2,38,1,38.166666666666664,A Zampa,K Yadav,1,,209,9,141,350
India,Australia,2,38,2,38.333333333333336,J Hazlewood,K Yadav,4,,213,9,137,350
India,Australia,2,38,3,38.5,J Hazlewood,K Yadav,1,,214,9,136,350
India,Australia,2,38,4,38.666666666666664,A Zampa,K Yadav,1,,215,9,135,350
India,Australia,2,38,5,38.833333333333336,J Hazlewood,K Yadav,1,,216,9,134,350
India,Australia,2,38,6,39.0,A Zampa,K Yadav,6,,222,9,128,350
India,Australia,2,39,1,39.166666666666664,J Hazlewood,K Yadav,2,,224,9,126,350
India,Australia,2,39,2,39.333333333333336,J Hazlewood,K Yadav,1,,225,9,125,350
India,Australia,2,39,3,39.5,A Zampa,K Yadav,0,,225,9,125,350
India,Australia,2,39,4,39.666666666666664,A Zampa,K Yadav,0,,225,9,125,350
India,Australia,2,39,5,39.833333333333336,A Zampa,K Yadav,0,,225,9,125,350
India,Australia,2,39,6,40.0,A Zampa,K Yadav,0,,225,9,125,350
India,Australia,2,40,1,40.166666666666664,J Hazlewood,K Yadav,0,,225,9,125,350
India,Australia,2,40,2,40.333333333333336,J Hazlewood,K Yadav,0,,225,9,125,350
India,Australia,2,40,3,40.5,J Hazlewood,K Yadav,1,,226,9,124,350
India,Australia,2,40,4,40.666666666666664,A Zampa,K Yadav,0,,226,9,124,350
India,Australia,2,40,5,40.833333333333336,A Zampa,K Yadav,0,,226,9,124,350
India,Australia,2,40,6,41.0,A Zampa,K Yadav,1,,227,9,123,350
India,Australia,2,41,1,41.166666666666664,A Zampa,R Jadeja,2,,229,9,121,350
India,Australia,2,41,2,41.333333333333336,A Zampa,R Jadeja,0,,229,9,121,350
India,Australia,2,41,3,41.5,A Zampa,R Jadeja,6,,235,9,115,350
India,Australia,2,41,4,41.666666666666664,A Zampa,R Jadeja,1,,236,9,114,350
India,Australia,2,41,5,41.833333333333336,J Hazlewood,R Jadeja,1,,237,9,113,350
India,Australia,2,41,6,42.0,A Zampa,R Jadeja,0,,237,9,113,350
India,Australia,2,42,1,42.166666666666664,J Hazlewood,R Jadeja,0,,237,9,113,350
India,Australia,2,42,2,42.333333333333336,J Hazlewood,R Jadeja,1,,238,9,112,350
India,Australia,2,42,3,42.5,A Zampa,R Jadeja,3,,241,9,109,350
India,Australia,2,42,4,42.666666666666664,J Hazlewood,R Jadeja,4,,245,9,105,350
India,Australia,2,42,5,42.833333333333336,J Hazlewood,R Jadeja,1,,246,9,104,350
India,Australia,2,42,6,43.0,A Zampa,R Jadeja,0,,246,9,104,350
India,Australia,2,43,1,43.166666666666664,J Hazlewood,R Jadeja,1,,247,9,103,350
India,Australia,2,43,2,43.333333333333336,A Zampa,R Jadeja,2,,249,9,101,350
India,Australia,2,43,3,43.5,A Zampa,R Jadeja,0,,249,9,101,350
India,Australia,2,43,4,43.666666666666664,A Zampa,R Jadeja,0,run out,,,101,350
