innings_number,match_id,series_name,gender,match_type,match_date,match_city,balls_per_over,over_number,ball_number,batter_id,batter_name,bowler_id,bowler_name,non_striker_id,non_striker_name,batter_runs,extras,total,is_legbye,is_noball,is_wide_ball,is_wicket,wicket_type
1,1126729,ICC Women's Championship,female,ODI,2018-07-13,Leicester,6,0,0,b05e45e4,AE Jones,8d6b36e3,HR Huddleston,b2664905,TT Beaumont,0,0,0,0,0,0,0,0
1,1126729,ICC Women's Championship,female,ODI,2018-07-13,Leicester,6,0,1,b05e45e4,AE Jones,8d6b36e3,HR Huddleston,b2664905,TT Beaumont,3,0,3,0,0,0,0,0
1,1126729,ICC Women's Championship,female,ODI,2018-07-13,Leicester,6,0,2,b2664905,TT Beaumont,8d6b36e3,HR Huddleston,b05e45e4,AE Jones,0,0,0,0,0,0,0,0
1,1126729,ICC Women's Championship,female,ODI,2018-07-13,Leicester,6,0,3,b2664905,TT Beaumont,8d6b36e3,HR Huddleston,b05e45e4,AE Jones,0,0,0,0,0,0,0,0
1,1126729,ICC Women's Championship,female,ODI,2018-07-13,Leicester,6,0,4,b2664905,TT Beaumont,8d6b36e3,HR Huddleston,b05e45e4,AE Jones,0,0,0,0,0,0,0,0
1,1126729,ICC Women's Championship,female,ODI,2018-07-13,Leicester,6,0,5,b2664905,TT Beaumont,8d6b36e3,HR Huddleston,b05e45e4,AE Jones,4,0,4,0,0,0,0,0
1,1126729,ICC Women's Championship,female,ODI,2018-07-13,Leicester,6,1,0,b05e45e4,AE Jones,de69af96,SFM Devine,b2664905,TT Beaumont,0,0,0,0,0,0,0,0
1,1126729,ICC Women's Championship,female,ODI,2018-07-13,Leicester,6,1,1,b05e45e4,AE Jones,de69af96,SFM Devine,b2664905,TT Beaumont,2,0,2,0,0,0,0,0
1,1126729,ICC Women's Championship,female,ODI,2018-07-13,Leicester,6,1,2,b05e45e4,AE Jones,de69af96,SFM Devine,b2664905,TT Beaumont,1,0,1,0,0,0,0,0
1,1126729,ICC Women's Championship,female,ODI,2018-07-13,Leicester,6,1,3,b2664905,TT Beaumont,de69af96,SFM Devine,b05e45e4,AE Jones,0,0,0,0,0,0,0,0
1,1126729,ICC Women's Championship,female,ODI,2018-07-13,Leicester,6,1,4,b2664905,TT Beaumont,de69af96,SFM Devine,b05e45e4,AE Jones,0,0,0,0,0,0,0,0
1,1126729,ICC Women's Championship,female,ODI,2018-07-13,Leicester,6,1,5,b2664905,TT Beaumont,de69af96,SFM Devine,b05e45e4,AE Jones,1,0,1,0,0,0,0,0
1,1126729,ICC Women's Championship,female,ODI,2018-07-13,Leicester,6,2,0,b2664905,TT Beaumont,8d6b36e3,HR Huddleston,b05e45e4,AE Jones,0,1,1,0,1,0,0,0
1,1126729,ICC Women's Championship,female,ODI,2018-07-13,Leicester,6,2,1,b2664905,TT Beaumont,8d6b36e3,HR Huddleston,b05e45e4,AE Jones,4,1,5,0,1,0,0,0
1,1126729,ICC Women's Championship,female,ODI,2018-07-13,Leicester,6,2,2,b2664905,TT Beaumont,8d6b36e3,HR Huddleston,b05e45e4,AE Jones,0,0,0,0,0,0,0,0
1,1126729,ICC Women's Championship,female,ODI,2018-07-13,Leicester,6,2,3,b2664905,TT Beaumont,8d6b36e3,HR Huddleston,b05e45e4,AE Jones,0,0,0,0,0,0,0,0
1,1126729,ICC Women's Championship,female,ODI,2018-07-13,Leicester,6,2,4,b2664905,TT Beaumont,8d6b36e3,HR Huddleston,b05e45e4,AE Jones,0,0,0,0,0,0,0,0
1,1126729,ICC Women's Championship,female,ODI,2018-07-13,Leicester,6,2,5,b2664905,TT Beaumont,8d6b36e3,HR Huddleston,b05e45e4,AE Jones,1,0,1,0,0,0,0,0
1,1126729,ICC Women's Championship,female,ODI,2018-07-13,Leicester,6,2,6,b05e45e4,AE Jones,8d6b36e3,HR Huddleston,b2664905,TT Beaumont,1,0,1,0,0,0,0,0
1,1126729,ICC Women's Championship,female,ODI,2018-07-13,Leicester,6,2,7,b2664905,TT Beaumont,8d6b36e3,HR Huddleston,b05e45e4,AE Jones,0,0,0,0,0,0,0,0
1,1126729,ICC Women's Championship,female,ODI,2018-07-13,Leicester,6,3,0,b05e45e4,AE Jones,de69af96,SFM Devine,b2664905,TT Beaumont,0,0,0,0,0,0,0,0
1,1126729,ICC Women's Championship,female,ODI,2018-07-13,Leicester,6,3,1,b05e45e4,AE Jones,de69af96,SFM Devine,b2664905,TT Beaumont,0,0,0,0,0,0,0,0
1,1126729,ICC Women's Championship,female,ODI,2018-07-13,Leicester,6,3,2,b05e45e4,AE Jones,de69af96,SFM Devine,b2664905,TT Beaumont,2,0,2,0,0,0,0,0
1,1126729,ICC Women's Championship,female,ODI,2018-07-13,Leicester,6,3,3,b05e45e4,AE Jones,de69af96,SFM Devine,b2664905,TT Beaumont,1,0,1,0,0,0,0,0
1,1126729,ICC Women's Championship,female,ODI,2018-07-13,Leicester,6,3,4,b2664905,TT Beaumont,de69af96,SFM Devine,b05e45e4,AE Jones,4,0,4,0,0,0,0,0
1,1126729,ICC Women's Championship,female,ODI,2018-07-13,Leicester,6,3,5,b2664905,TT Beaumont,de69af96,SFM Devine,b05e45e4,AE Jones,2,0,2,0,0,0,0,0
1,1126729,ICC Women's Championship,female,ODI,2018-07-13,Leicester,6,4,0,b05e45e4,AE Jones,b8cce99f,HNK Jensen,b2664905,TT Beaumont,0,0,0,0,0,0,0,0
1,1126729,ICC Women's Championship,female,ODI,2018-07-13,Leicester,6,4,1,b05e45e4,AE Jones,b8cce99f,HNK Jensen,b2664905,TT Beaumont,0,0,0,0,0,0,0,0
1,1126729,ICC Women's Championship,female,ODI,2018-07-13,Leicester,6,4,2,b05e45e4,AE Jones,b8cce99f,HNK Jensen,b2664905,TT Beaumont,0,0,0,0,0,0,0,0
1,1126729,ICC Women's Championship,female,ODI,2018-07-13,Leicester,6,4,3,b05e45e4,AE Jones,b8cce99f,HNK Jensen,b2664905,TT Beaumont,1,0,1,0,0,0,0,0
1,1126729,ICC Women's Championship,female,ODI,2018-07-13,Leicester,6,4,4,b2664905,TT Beaumont,b8cce99f,HNK Jensen,b05e45e4,AE Jones,0,0,0,0,0,0,0,0
1,1126729,ICC Women's Championship,female,ODI,2018-07-13,Leicester,6,4,5,b2664905,TT Beaumont,b8cce99f,HNK Jensen,b05e45e4,AE Jones,1,0,1,0,0,0,0,0
1,1126729,ICC Women's Championship,female,ODI,2018-07-13,Leicester,6,5,0,b2664905,TT Beaumont,de69af96,SFM Devine,b05e45e4,AE Jones,0,0,0,0,0,0,0,0
1,1126729,ICC Women's Championship,female,ODI,2018-07-13,Leicester,6,5,1,b2664905,TT Beaumont,de69af96,SFM Devine,b05e45e4,AE Jones,0,0,0,0,0,0,0,0
1,1126729,ICC Women's Championship,female,ODI,2018-07-13,Leicester,6,5,2,b2664905,TT Beaumont,de69af96,SFM Devine,b05e45e4,AE Jones,4,0,4,0,0,0,0,0
1,1126729,ICC Women's Championship,female,ODI,2018-07-13,Leicester,6,5,3,b2664905,TT Beaumont,de69af96,SFM Devine,b05e45e4,AE Jones,0,1,1,1,0,0,0,0
1,1126729,ICC Women's Championship,female,ODI,2018-07-13,Leicester,6,5,4,b05e45e4,AE Jones,de69af96,SFM Devine,b2664905,TT Beaumont,0,0,0,0,0,0,0,0
1,1126729,ICC Women's Championship,female,ODI,2018-07-13,Leicester,6,5,5,b05e45e4,AE Jones,de69af96,SFM Devine,b2664905,TT Beaumont,1,0,1,0,0,0,0,0
1,1126729,ICC Women's Championship,female,ODI,2018-07-13,Leicester,6,6,0,b05e45e4,AE Jones,b8cce99f,HNK Jensen,b2664905,TT Beaumont,0,0,0,0,0,0,0,0
1,1126729,ICC Women's Championship,female,ODI,2018-07-13,Leicester,6,6,1,b05e45e4,AE Jones,b8cce99f,HNK Jensen,b2664905,TT Beaumont,1,0,1,0,0,0,0,0
1,1126729,ICC Women's Championship,female,ODI,2018-07-13,Leicester,6,6,2,b2664905,TT Beaumont,b8cce99f,HNK Jensen,b05e45e4,AE Jones,0,0,0,0,0,0,0,0
1,1126729,ICC Women's Championship,female,ODI,2018-07-13,Leicester,6,6,3,b2664905,TT Beaumont,b8cce99f,HNK Jensen,b05e45e4,AE Jones,0,0,0,0,0,0,0,0
1,1126729,ICC Women's Championship,female,ODI,2018-07-13,Leicester,6,6,4,b2664905,TT Beaumont,b8cce99f,HNK Jensen,b05e45e4,AE Jones,0,0,0,0,0,0,0,0
1,1126729,ICC Women's Championship,female,ODI,2018-07-13,Leicester,6,6,5,b2664905,TT Beaumont,b8cce99f,HNK Jensen,b05e45e4,AE Jones,0,0,0,0,0,0,0,0
1,1126729,ICC Women's Championship,female,ODI,2018-07-13,Leicester,6,7,0,b05e45e4,AE Jones,de69af96,SFM Devine,b2664905,TT Beaumont,0,0,0,0,0,0,0,0
1,1126729,ICC Women's Championship,female,ODI,2018-07-13,Leicester,6,7,1,b05e45e4,AE Jones,de69af96,SFM Devine,b2664905,TT Beaumont,0,0,0,0,0,0,0,0
1,1126729,ICC Women's Championship,female,ODI,2018-07-13,Leicester,6,7,2,b05e45e4,AE Jones,de69af96,SFM Devine,b2664905,TT Beaumont,0,0,0,0,0,0,0,0
1,1126729,ICC Women's Championship,female,ODI,2018-07-13,Leicester,6,7,3,b05e45e4,AE Jones,de69af96,SFM Devine,b2664905,TT Beaumont,0,0,0,0,0,0,0,0
1,1126729,ICC Women's Championship,female,ODI,2018-07-13,Leicester,6,7,4,b05e45e4,AE Jones,de69af96,SFM Devine,b2664905,TT Beaumont,0,0,0,0,0,0,0,0
1,1126729,ICC Women's Championship,female,ODI,2018-07-13,Leicester,6,7,5,b05e45e4,AE Jones,de69af96,SFM Devine,b2664905,TT Beaumont,0,1,1,0,0,1,0,0
1,1126729,ICC Women's Championship,female,ODI,2018-07-13,Leicester,6,7,6,b05e45e4,AE Jones,de69af96,SFM Devine,b2664905,TT Beaumont,0,0,0,0,0,0,0,0
1,1126729,ICC Women's Championship,female,ODI,2018-07-13,Leicester,6,8,0,b2664905,TT Beaumont,b8cce99f,HNK Jensen,b05e45e4,AE Jones,0,0,0,0,0,0,0,0
1,1126729,ICC Women's Championship,female,ODI,2018-07-13,Leicester,6,8,1,b2664905,TT Beaumont,b8cce99f,HNK Jensen,b05e45e4,AE Jones,1,0,1,0,0,0,0,0
1,1126729,ICC Women's Championship,female,ODI,2018-07-13,Leicester,6,8,2,b05e45e4,AE Jones,b8cce99f,HNK Jensen,b2664905,TT Beaumont,0,0,0,0,0,0,0,0
1,1126729,ICC Women's Championship,female,ODI,2018-07-13,Leicester,6,8,3,b05e45e4,AE Jones,b8cce99f,HNK Jensen,b2664905,TT Beaumont,1,0,1,0,0,0,0,0
1,1126729,ICC Women's Championship,female,ODI,2018-07-13,Leicester,6,8,4,b2664905,TT Beaumont,b8cce99f,HNK Jensen,b05e45e4,AE Jones,0,0,0,0,0,0,0,0
1,1126729,ICC Women's Championship,female,ODI,2018-07-13,Leicester,6,8,5,b2664905,TT Beaumont,b8cce99f,HNK Jensen,b05e45e4,AE Jones,0,0,0,0,0,0,0,0
1,1126729,ICC Women's Championship,female,ODI,2018-07-13,Leicester,6,9,0,b05e45e4,AE Jones,7239a365,JM Watkin,b2664905,TT Beaumont,4,0,4,0,0,0,0,0
1,1126729,ICC Women's Championship,female,ODI,2018-07-13,Leicester,6,9,1,b05e45e4,AE Jones,7239a365,JM Watkin,b2664905,TT Beaumont,0,0,0,0,0,0,0,0
1,1126729,ICC Women's Championship,female,ODI,2018-07-13,Leicester,6,9,2,b05e45e4,AE Jones,7239a365,JM Watkin,b2664905,TT Beaumont,4,0,4,0,0,0,0,0
1,1126729,ICC Women's Championship,female,ODI,2018-07-13,Leicester,6,9,3,b05e45e4,AE Jones,7239a365,JM Watkin,b2664905,TT Beaumont,3,0,3,0,0,0,0,0
1,1126729,ICC Women's Championship,female,ODI,2018-07-13,Leicester,6,9,4,b2664905,TT Beaumont,7239a365,JM Watkin,b05e45e4,AE Jones,0,0,0,0,0,0,0,0
1,1126729,ICC Women's Championship,female,ODI,2018-07-13,Leicester,6,9,5,b2664905,TT Beaumont,7239a365,JM Watkin,b05e45e4,AE Jones,1,0,1,0,0,0,0,0
1,1126729,ICC Women's Championship,female,ODI,2018-07-13,Leicester,6,10,0,b2664905,TT Beaumont,b8cce99f,HNK Jensen,b05e45e4,AE Jones,1,0,1,0,0,0,0,0
1,1126729,ICC Women's Championship,female,ODI,2018-07-13,Leicester,6,10,1,b05e45e4,AE Jones,b8cce99f,HNK Jensen,b2664905,TT Beaumont,0,0,0,0,0,0,0,0
1,1126729,ICC Women's Championship,female,ODI,2018-07-13,Leicester,6,10,2,b05e45e4,AE Jones,b8cce99f,HNK Jensen,b2664905,TT Beaumont,0,0,0,0,0,0,0,0
1,1126729,ICC Women's Championship,female,ODI,2018-07-13,Leicester,6,10,3,b05e45e4,AE Jones,b8cce99f,HNK Jensen,b2664905,TT Beaumont,1,0,1,0,0,0,0,0
1,1126729,ICC Women's Championship,female,ODI,2018-07-13,Leicester,6,10,4,b2664905,TT Beaumont,b8cce99f,HNK Jensen,b05e45e4,AE Jones,0,0,0,0,0,0,0,0
1,1126729,ICC Women's Championship,female,ODI,2018-07-13,Leicester,6,10,5,b2664905,TT Beaumont,b8cce99f,HNK Jensen,b05e45e4,AE Jones,0,0,0,0,0,0,0,0
1,1126729,ICC Women's Championship,female,ODI,2018-07-13,Leicester,6,11,0,b05e45e4,AE Jones,7239a365,JM Watkin,b2664905,TT Beaumont,0,0,0,0,0,0,0,0
1,1126729,ICC Women's Championship,female,ODI,2018-07-13,Leicester,6,11,1,b05e45e4,AE Jones,7239a365,JM Watkin,b2664905,TT Beaumont,1,0,1,0,0,0,0,0
1,1126729,ICC Women's Championship,female,ODI,2018-07-13,Leicester,6,11,2,b2664905,TT Beaumont,7239a365,JM Watkin,b05e45e4,AE Jones,4,0,4,0,0,0,0,0
1,1126729,ICC Women's Championship,female,ODI,2018-07-13,Leicester,6,11,3,b2664905,TT Beaumont,7239a365,JM Watkin,b05e45e4,AE Jones,1,0,1,0,0,0,0,0
1,1126729,ICC Women's Championship,female,ODI,2018-07-13,Leicester,6,11,4,b05e45e4,AE Jones,7239a365,JM Watkin,b2664905,TT Beaumont,4,0,4,0,0,0,0,0
1,1126729,ICC Women's Championship,female,ODI,2018-07-13,Leicester,6,11,5,b05e45e4,AE Jones,7239a365,JM Watkin,b2664905,TT Beaumont,2,0,2,0,0,0,0,0
1,1126729,ICC Women's Championship,female,ODI,2018-07-13,Leicester,6,12,0,b2664905,TT Beaumont,b8cce99f,HNK Jensen,b05e45e4,AE Jones,0,0,0,0,0,0,0,0
1,1126729,ICC Women's Championship,female,ODI,2018-07-13,Leicester,6,12,1,b2664905,TT Beaumont,b8cce99f,HNK Jensen,b05e45e4,AE Jones,0,0,0,0,0,0,0,0
1,1126729,ICC Women's Championship,female,ODI,2018-07-13,Leicester,6,12,2,b2664905,TT Beaumont,b8cce99f,HNK Jensen,b05e45e4,AE Jones,0,0,0,0,0,0,0,0
1,1126729,ICC Women's Championship,female,ODI,2018-07-13,Leicester,6,12,3,b2664905,TT Beaumont,b8cce99f,HNK Jensen,b05e45e4,AE Jones,1,0,1,0,0,0,0,0
1,1126729,ICC Women's Championship,female,ODI,2018-07-13,Leicester,6,12,4,b05e45e4,AE Jones,b8cce99f,HNK Jensen,b2664905,TT Beaumont,0,0,0,0,0,0,0,0
1,1126729,ICC Women's Championship,female,ODI,2018-07-13,Leicester,6,12,5,b05e45e4,AE Jones,b8cce99f,HNK Jensen,b2664905,TT Beaumont,0,0,0,0,0,0,0,0
1,1126729,ICC Women's Championship,female,ODI,2018-07-13,Leicester,6,13,0,b2664905,TT Beaumont,7673c908,AC Kerr,b05e45e4,AE Jones,1,0,1,0,0,0,0,0
1,1126729,ICC Women's Championship,female,ODI,2018-07-13,Leicester,6,13,1,b05e45e4,AE Jones,7673c908,AC Kerr,b2664905,TT Beaumont,0,0,0,0,0,0,0,0
1,1126729,ICC Women's Championship,female,ODI,2018-07-13,Leicester,6,13,2,b05e45e4,AE Jones,7673c908,AC Kerr,b2664905,TT Beaumont,1,0,1,0,0,0,0,0
1,1126729,ICC Women's Championship,female,ODI,2018-07-13,Leicester,6,13,3,b2664905,TT Beaumont,7673c908,AC Kerr,b05e45e4,AE Jones,0,0,0,0,0,0,0,0
1,1126729,ICC Women's Championship,female,ODI,2018-07-13,Leicester,6,13,4,b2664905,TT Beaumont,7673c908,AC Kerr,b05e45e4,AE Jones,1,0,1,0,0,0,0,0
1,1126729,ICC Women's Championship,female,ODI,2018-07-13,Leicester,6,13,5,b05e45e4,AE Jones,7673c908,AC Kerr,b2664905,TT Beaumont,1,0,1,0,0,0,0,0
1,1126729,ICC Women's Championship,female,ODI,2018-07-13,Leicester,6,14,0,b05e45e4,AE Jones,8d6b36e3,HR Huddleston,b2664905,TT Beaumont,0,0,0,0,0,0,0,0
1,1126729,ICC Women's Championship,female,ODI,2018-07-13,Leicester,6,14,1,b05e45e4,AE Jones,8d6b36e3,HR Huddleston,b2664905,TT Beaumont,4,0,4,0,0,0,0,0
1,1126729,ICC Women's Championship,female,ODI,2018-07-13,Leicester,6,14,2,b05e45e4,AE Jones,8d6b36e3,HR Huddleston,b2664905,TT Beaumont,0,0,0,0,0,0,0,0
1,1126729,ICC Women's Championship,female,ODI,2018-07-13,Leicester,6,14,3,b05e45e4,AE Jones,8d6b36e3,HR Huddleston,b2664905,TT Beaumont,1,0,1,0,0,0,0,0
1,1126729,ICC Women's Championship,female,ODI,2018-07-13,Leicester,6,14,4,b2664905,TT Beaumont,8d6b36e3,HR Huddleston,b05e45e4,AE Jones,0,0,0,0,0,0,0,0
1,1126729,ICC Women's Championship,female,ODI,2018-07-13,Leicester,6,14,5,b2664905,TT Beaumont,8d6b36e3,HR Huddleston,b05e45e4,AE Jones,1,0,1,0,0,0,0,0
1,1126729,ICC Women's Championship,female,ODI,2018-07-13,Leicester,6,15,0,b2664905,TT Beaumont,7673c908,AC Kerr,b05e45e4,AE Jones,0,0,0,0,0,0,0,0
1,1126729,ICC Women's Championship,female,ODI,2018-07-13,Leicester,6,15,1,b2664905,TT Beaumont,7673c908,AC Kerr,b05e45e4,AE Jones,1,0,1,0,0,0,0,0
1,1126729,ICC Women's Championship,female,ODI,2018-07-13,Leicester,6,15,2,b05e45e4,AE Jones,7673c908,AC Kerr,b2664905,TT Beaumont,0,0,0,0,0,0,0,0
1,1126729,ICC Women's Championship,female,ODI,2018-07-13,Leicester,6,15,3,b05e45e4,AE Jones,7673c908,AC Kerr,b2664905,TT Beaumont,0,0,0,0,0,0,0,0
1,1126729,ICC Women's Championship,female,ODI,2018-07-13,Leicester,6,15,4,b05e45e4,AE Jones,7673c908,AC Kerr,b2664905,TT Beaumont,0,0,0,0,0,0,0,0
1,1126729,ICC Women's Championship,female,ODI,2018-07-13,Leicester,6,15,5,b05e45e4,AE Jones,7673c908,AC Kerr,b2664905,TT Beaumont,0,0,0,0,0,0,0,0
1,1126729,ICC Women's Championship,female,ODI,2018-07-13,Leicester,6,16,0,b2664905,TT Beaumont,8d6b36e3,HR Huddleston,b05e45e4,AE Jones,0,0,0,0,0,0,0,0
1,1126729,ICC Women's Championship,female,ODI,2018-07-13,Leicester,6,16,1,b2664905,TT Beaumont,8d6b36e3,HR Huddleston,b05e45e4,AE Jones,0,0,0,0,0,0,0,0
1,1126729,ICC Women's Championship,female,ODI,2018-07-13,Leicester,6,16,2,b2664905,TT Beaumont,8d6b36e3,HR Huddleston,b05e45e4,AE Jones,1,0,1,0,0,0,0,0
1,1126729,ICC Women's Championship,female,ODI,2018-07-13,Leicester,6,16,3,b05e45e4,AE Jones,8d6b36e3,HR Huddleston,b2664905,TT Beaumont,0,0,0,0,0,0,0,0
1,1126729,ICC Women's Championship,female,ODI,2018-07-13,Leicester,6,16,4,b05e45e4,AE Jones,8d6b36e3,HR Huddleston,b2664905,TT Beaumont,1,0,1,0,0,0,0,0
1,1126729,ICC Women's Championship,female,ODI,2018-07-13,Leicester,6,16,5,b2664905,TT Beaumont,8d6b36e3,HR Huddleston,b05e45e4,AE Jones,2,0,2,0,0,0,0,0
1,1126729,ICC Women's Championship,female,ODI,2018-07-13,Leicester,6,17,0,b05e45e4,AE Jones,7673c908,AC Kerr,b2664905,TT Beaumont,1,0,1,0,0,0,0,0
1,1126729,ICC Women's Championship,female,ODI,2018-07-13,Leicester,6,17,1,b2664905,TT Beaumont,7673c908,AC Kerr,b05e45e4,AE Jones,0,0,0,0,0,0,0,0
1,1126729,ICC Women's Championship,female,ODI,2018-07-13,Leicester,6,17,2,b2664905,TT Beaumont,7673c908,AC Kerr,b05e45e4,AE Jones,2,0,2,0,0,0,0,0
1,1126729,ICC Women's Championship,female,ODI,2018-07-13,Leicester,6,17,3,b2664905,TT Beaumont,7673c908,AC Kerr,b05e45e4,AE Jones,1,0,1,0,0,0,0,0
1,1126729,ICC Women's Championship,female,ODI,2018-07-13,Leicester,6,17,4,b05e45e4,AE Jones,7673c908,AC Kerr,b2664905,TT Beaumont,0,0,0,0,0,0,0,0
1,1126729,ICC Women's Championship,female,ODI,2018-07-13,Leicester,6,17,5,b05e45e4,AE Jones,7673c908,AC Kerr,b2664905,TT Beaumont,0,0,0,0,0,0,0,0
1,1126729,ICC Women's Championship,female,ODI,2018-07-13,Leicester,6,18,0,b2664905,TT Beaumont,8d6b36e3,HR Huddleston,b05e45e4,AE Jones,4,0,4,0,0,0,0,0
1,1126729,ICC Women's Championship,female,ODI,2018-07-13,Leicester,6,18,1,b2664905,TT Beaumont,8d6b36e3,HR Huddleston,b05e45e4,AE Jones,0,0,0,0,0,0,0,0
1,1126729,ICC Women's Championship,female,ODI,2018-07-13,Leicester,6,18,2,b2664905,TT Beaumont,8d6b36e3,HR Huddleston,b05e45e4,AE Jones,0,0,0,0,0,0,0,0
1,1126729,ICC Women's Championship,female,ODI,2018-07-13,Leicester,6,18,3,b2664905,TT Beaumont,8d6b36e3,HR Huddleston,b05e45e4,AE Jones,1,0,1,0,0,0,0,0
1,1126729,ICC Women's Championship,female,ODI,2018-07-13,Leicester,6,18,4,b05e45e4,AE Jones,8d6b36e3,HR Huddleston,b2664905,TT Beaumont,1,0,1,0,0,0,0,0
1,1126729,ICC Women's Championship,female,ODI,2018-07-13,Leicester,6,18,5,b2664905,TT Beaumont,8d6b36e3,HR Huddleston,b05e45e4,AE Jones,1,0,1,0,0,0,0,0
1,1126729,ICC Women's Championship,female,ODI,2018-07-13,Leicester,6,19,0,b2664905,TT Beaumont,7673c908,AC Kerr,b05e45e4,AE Jones,4,0,4,0,0,0,0,0
1,1126729,ICC Women's Championship,female,ODI,2018-07-13,Leicester,6,19,1,b2664905,TT Beaumont,7673c908,AC Kerr,b05e45e4,AE Jones,0,0,0,0,0,0,0,0
1,1126729,ICC Women's Championship,female,ODI,2018-07-13,Leicester,6,19,2,b2664905,TT Beaumont,7673c908,AC Kerr,b05e45e4,AE Jones,1,0,1,0,0,0,0,0
1,1126729,ICC Women's Championship,female,ODI,2018-07-13,Leicester,6,19,3,b05e45e4,AE Jones,7673c908,AC Kerr,b2664905,TT Beaumont,1,0,1,0,0,0,0,0
1,1126729,ICC Women's Championship,female,ODI,2018-07-13,Leicester,6,19,4,b2664905,TT Beaumont,7673c908,AC Kerr,b05e45e4,AE Jones,1,0,1,0,0,0,0,0
1,1126729,ICC Women's Championship,female,ODI,2018-07-13,Leicester,6,19,5,b05e45e4,AE Jones,7673c908,AC Kerr,b2664905,TT Beaumont,2,0,2,0,0,0,0,0
1,1126729,ICC Women's Championship,female,ODI,2018-07-13,Leicester,6,20,0,b2664905,TT Beaumont,9b73d523,LM Kasperek,b05e45e4,AE Jones,1,0,1,0,0,0,0,0
1,1126729,ICC Women's Championship,female,ODI,2018-07-13,Leicester,6,20,1,b05e45e4,AE Jones,9b73d523,LM Kasperek,b2664905,TT Beaumont,1,0,1,0,0,0,0,0
1,1126729,ICC Women's Championship,female,ODI,2018-07-13,Leicester,6,20,2,b2664905,TT Beaumont,9b73d523,LM Kasperek,b05e45e4,AE Jones,0,0,0,0,0,0,1,caught
1,1126729,ICC Women's Championship,female,ODI,2018-07-13,Leicester,6,20,3,5230a33d,L Winfield,9b73d523,LM Kasperek,b05e45e4,AE Jones,0,0,0,0,0,0,0,0
1,1126729,ICC Women's Championship,female,ODI,2018-07-13,Leicester,6,20,4,5230a33d,L Winfield,9b73d523,LM Kasperek,b05e45e4,AE Jones,0,0,0,0,0,0,0,0
1,1126729,ICC Women's Championship,female,ODI,2018-07-13,Leicester,6,20,5,5230a33d,L Winfield,9b73d523,LM Kasperek,b05e45e4,AE Jones,0,0,0,0,0,0,0,0
1,1126729,ICC Women's Championship,female,ODI,2018-07-13,Leicester,6,21,0,b05e45e4,AE Jones,7673c908,AC Kerr,5230a33d,L Winfield,1,0,1,0,0,0,0,0
1,1126729,ICC Women's Championship,female,ODI,2018-07-13,Leicester,6,21,1,5230a33d,L Winfield,7673c908,AC Kerr,b05e45e4,AE Jones,0,0,0,0,0,0,0,0
1,1126729,ICC Women's Championship,female,ODI,2018-07-13,Leicester,6,21,2,5230a33d,L Winfield,7673c908,AC Kerr,b05e45e4,AE Jones,1,0,1,0,0,0,0,0
1,1126729,ICC Women's Championship,female,ODI,2018-07-13,Leicester,6,21,3,b05e45e4,AE Jones,7673c908,AC Kerr,5230a33d,L Winfield,1,0,1,0,0,0,0,0
1,1126729,ICC Women's Championship,female,ODI,2018-07-13,Leicester,6,21,4,5230a33d,L Winfield,7673c908,AC Kerr,b05e45e4,AE Jones,0,0,0,0,0,0,0,0
1,1126729,ICC Women's Championship,female,ODI,2018-07-13,Leicester,6,21,5,5230a33d,L Winfield,7673c908,AC Kerr,b05e45e4,AE Jones,0,0,0,0,0,0,0,0
1,1126729,ICC Women's Championship,female,ODI,2018-07-13,Leicester,6,22,0,b05e45e4,AE Jones,9b73d523,LM Kasperek,5230a33d,L Winfield,0,0,0,0,0,0,0,0
1,1126729,ICC Women's Championship,female,ODI,2018-07-13,Leicester,6,22,1,b05e45e4,AE Jones,9b73d523,LM Kasperek,5230a33d,L Winfield,2,0,2,0,0,0,0,0
1,1126729,ICC Women's Championship,female,ODI,2018-07-13,Leicester,6,22,2,b05e45e4,AE Jones,9b73d523,LM Kasperek,5230a33d,L Winfield,1,0,1,0,0,0,0,0
1,1126729,ICC Women's Championship,female,ODI,2018-07-13,Leicester,6,22,3,5230a33d,L Winfield,9b73d523,LM Kasperek,b05e45e4,AE Jones,4,0,4,0,0,0,0,0
1,1126729,ICC Women's Championship,female,ODI,2018-07-13,Leicester,6,22,4,5230a33d,L Winfield,9b73d523,LM Kasperek,b05e45e4,AE Jones,0,0,0,0,0,0,1,caught
1,1126729,ICC Women's Championship,female,ODI,2018-07-13,Leicester,6,22,5,b05e45e4,AE Jones,9b73d523,LM Kasperek,4ba0289e,HC Knight,0,0,0,0,0,0,0,0
1,1126729,ICC Women's Championship,female,ODI,2018-07-13,Leicester,6,23,0,4ba0289e,HC Knight,89bbc67a,SW Bates,b05e45e4,AE Jones,0,0,0,0,0,0,0,0
1,1126729,ICC Women's Championship,female,ODI,2018-07-13,Leicester,6,23,1,4ba0289e,HC Knight,89bbc67a,SW Bates,b05e45e4,AE Jones,0,0,0,0,0,0,0,0
1,1126729,ICC Women's Championship,female,ODI,2018-07-13,Leicester,6,23,2,4ba0289e,HC Knight,89bbc67a,SW Bates,b05e45e4,AE Jones,1,0,1,0,0,0,0,0
1,1126729,ICC Women's Championship,female,ODI,2018-07-13,Leicester,6,23,3,b05e45e4,AE Jones,89bbc67a,SW Bates,4ba0289e,HC Knight,0,0,0,0,0,0,0,0
1,1126729,ICC Women's Championship,female,ODI,2018-07-13,Leicester,6,23,4,b05e45e4,AE Jones,89bbc67a,SW Bates,4ba0289e,HC Knight,1,0,1,0,0,0,0,0
1,1126729,ICC Women's Championship,female,ODI,2018-07-13,Leicester,6,23,5,4ba0289e,HC Knight,89bbc67a,SW Bates,b05e45e4,AE Jones,1,0,1,0,0,0,0,0
1,1126729,ICC Women's Championship,female,ODI,2018-07-13,Leicester,6,24,0,4ba0289e,HC Knight,9b73d523,LM Kasperek,b05e45e4,AE Jones,0,0,0,0,0,0,0,0
1,1126729,ICC Women's Championship,female,ODI,2018-07-13,Leicester,6,24,1,4ba0289e,HC Knight,9b73d523,LM Kasperek,b05e45e4,AE Jones,0,1,1,0,0,1,0,0
1,1126729,ICC Women's Championship,female,ODI,2018-07-13,Leicester,6,24,2,4ba0289e,HC Knight,9b73d523,LM Kasperek,b05e45e4,AE Jones,0,0,0,0,0,0,0,0
1,1126729,ICC Women's Championship,female,ODI,2018-07-13,Leicester,6,24,3,4ba0289e,HC Knight,9b73d523,LM Kasperek,b05e45e4,AE Jones,0,0,0,0,0,0,0,0
1,1126729,ICC Women's Championship,female,ODI,2018-07-13,Leicester,6,24,4,4ba0289e,HC Knight,9b73d523,LM Kasperek,b05e45e4,AE Jones,1,0,1,0,0,0,0,0
1,1126729,ICC Women's Championship,female,ODI,2018-07-13,Leicester,6,24,5,b05e45e4,AE Jones,9b73d523,LM Kasperek,4ba0289e,HC Knight,0,0,0,0,0,0,0,0
1,1126729,ICC Women's Championship,female,ODI,2018-07-13,Leicester,6,24,6,b05e45e4,AE Jones,9b73d523,LM Kasperek,4ba0289e,HC Knight,1,0,1,0,0,0,0,0
1,1126729,ICC Women's Championship,female,ODI,2018-07-13,Leicester,6,25,0,b05e45e4,AE Jones,89bbc67a,SW Bates,4ba0289e,HC Knight,4,0,4,0,0,0,0,0
1,1126729,ICC Women's Championship,female,ODI,2018-07-13,Leicester,6,25,1,b05e45e4,AE Jones,89bbc67a,SW Bates,4ba0289e,HC Knight,0,0,0,0,0,0,0,0
1,1126729,ICC Women's Championship,female,ODI,2018-07-13,Leicester,6,25,2,b05e45e4,AE Jones,89bbc67a,SW Bates,4ba0289e,HC Knight,1,0,1,0,0,0,0,0
1,1126729,ICC Women's Championship,female,ODI,2018-07-13,Leicester,6,25,3,4ba0289e,HC Knight,89bbc67a,SW Bates,b05e45e4,AE Jones,1,0,1,0,0,0,0,0
1,1126729,ICC Women's Championship,female,ODI,2018-07-13,Leicester,6,25,4,b05e45e4,AE Jones,89bbc67a,SW Bates,4ba0289e,HC Knight,0,0,0,0,0,0,0,0
1,1126729,ICC Women's Championship,female,ODI,2018-07-13,Leicester,6,25,5,b05e45e4,AE Jones,89bbc67a,SW Bates,4ba0289e,HC Knight,1,0,1,0,0,0,0,0
1,1126729,ICC Women's Championship,female,ODI,2018-07-13,Leicester,6,26,0,b05e45e4,AE Jones,9b73d523,LM Kasperek,4ba0289e,HC Knight,2,0,2,0,0,0,0,0
1,1126729,ICC Women's Championship,female,ODI,2018-07-13,Leicester,6,26,1,b05e45e4,AE Jones,9b73d523,LM Kasperek,4ba0289e,HC Knight,0,0,0,0,0,0,0,0
1,1126729,ICC Women's Championship,female,ODI,2018-07-13,Leicester,6,26,2,b05e45e4,AE Jones,9b73d523,LM Kasperek,4ba0289e,HC Knight,1,0,1,0,0,0,0,0
1,1126729,ICC Women's Championship,female,ODI,2018-07-13,Leicester,6,26,3,4ba0289e,HC Knight,9b73d523,LM Kasperek,b05e45e4,AE Jones,0,0,0,0,0,0,0,0
1,1126729,ICC Women's Championship,female,ODI,2018-07-13,Leicester,6,26,4,4ba0289e,HC Knight,9b73d523,LM Kasperek,b05e45e4,AE Jones,1,0,1,0,0,0,0,0
1,1126729,ICC Women's Championship,female,ODI,2018-07-13,Leicester,6,26,5,b05e45e4,AE Jones,9b73d523,LM Kasperek,4ba0289e,HC Knight,1,0,1,0,0,0,0,0
1,1126729,ICC Women's Championship,female,ODI,2018-07-13,Leicester,6,27,0,b05e45e4,AE Jones,de69af96,SFM Devine,4ba0289e,HC Knight,0,0,0,0,0,0,0,0
1,1126729,ICC Women's Championship,female,ODI,2018-07-13,Leicester,6,27,1,b05e45e4,AE Jones,de69af96,SFM Devine,4ba0289e,HC Knight,4,0,4,0,0,0,0,0
1,1126729,ICC Women's Championship,female,ODI,2018-07-13,Leicester,6,27,2,b05e45e4,AE Jones,de69af96,SFM Devine,4ba0289e,HC Knight,0,0,0,0,0,0,0,0
1,1126729,ICC Women's Championship,female,ODI,2018-07-13,Leicester,6,27,3,b05e45e4,AE Jones,de69af96,SFM Devine,4ba0289e,HC Knight,0,0,0,0,0,0,0,0
1,1126729,ICC Women's Championship,female,ODI,2018-07-13,Leicester,6,27,4,b05e45e4,AE Jones,de69af96,SFM Devine,4ba0289e,HC Knight,1,0,1,0,0,0,0,0
1,1126729,ICC Women's Championship,female,ODI,2018-07-13,Leicester,6,27,5,4ba0289e,HC Knight,de69af96,SFM Devine,b05e45e4,AE Jones,1,0,1,0,0,0,0,0
1,1126729,ICC Women's Championship,female,ODI,2018-07-13,Leicester,6,28,0,4ba0289e,HC Knight,7673c908,AC Kerr,b05e45e4,AE Jones,2,0,2,0,0,0,0,0
1,1126729,ICC Women's Championship,female,ODI,2018-07-13,Leicester,6,28,1,4ba0289e,HC Knight,7673c908,AC Kerr,b05e45e4,AE Jones,1,0,1,0,0,0,0,0
1,1126729,ICC Women's Championship,female,ODI,2018-07-13,Leicester,6,28,2,b05e45e4,AE Jones,7673c908,AC Kerr,4ba0289e,HC Knight,0,0,0,0,0,0,0,0
1,1126729,ICC Women's Championship,female,ODI,2018-07-13,Leicester,6,28,3,b05e45e4,AE Jones,7673c908,AC Kerr,4ba0289e,HC Knight,1,0,1,0,0,0,0,0
1,1126729,ICC Women's Championship,female,ODI,2018-07-13,Leicester,6,28,4,4ba0289e,HC Knight,7673c908,AC Kerr,b05e45e4,AE Jones,1,0,1,0,0,0,0,0
1,1126729,ICC Women's Championship,female,ODI,2018-07-13,Leicester,6,28,5,b05e45e4,AE Jones,7673c908,AC Kerr,4ba0289e,HC Knight,1,0,1,0,0,0,0,0
1,1126729,ICC Women's Championship,female,ODI,2018-07-13,Leicester,6,29,0,b05e45e4,AE Jones,7239a365,JM Watkin,4ba0289e,HC Knight,0,0,0,0,0,0,0,0
1,1126729,ICC Women's Championship,female,ODI,2018-07-13,Leicester,6,29,1,b05e45e4,AE Jones,7239a365,JM Watkin,4ba0289e,HC Knight,2,0,2,0,0,0,0,0
1,1126729,ICC Women's Championship,female,ODI,2018-07-13,Leicester,6,29,2,b05e45e4,AE Jones,7239a365,JM Watkin,4ba0289e,HC Knight,1,0,1,0,0,0,0,0
1,1126729,ICC Women's Championship,female,ODI,2018-07-13,Leicester,6,29,3,4ba0289e,HC Knight,7239a365,JM Watkin,b05e45e4,AE Jones,0,0,0,0,0,0,0,0
1,1126729,ICC Women's Championship,female,ODI,2018-07-13,Leicester,6,29,4,4ba0289e,HC Knight,7239a365,JM Watkin,b05e45e4,AE Jones,1,0,1,0,0,0,0,0
1,1126729,ICC Women's Championship,female,ODI,2018-07-13,Leicester,6,29,5,b05e45e4,AE Jones,7239a365,JM Watkin,4ba0289e,HC Knight,0,0,0,0,0,0,0,0
1,1126729,ICC Women's Championship,female,ODI,2018-07-13,Leicester,6,30,0,4ba0289e,HC Knight,7673c908,AC Kerr,b05e45e4,AE Jones,0,0,0,0,0,0,0,0
1,1126729,ICC Women's Championship,female,ODI,2018-07-13,Leicester,6,30,1,4ba0289e,HC Knight,7673c908,AC Kerr,b05e45e4,AE Jones,0,0,0,0,0,0,0,0
1,1126729,ICC Women's Championship,female,ODI,2018-07-13,Leicester,6,30,2,4ba0289e,HC Knight,7673c908,AC Kerr,b05e45e4,AE Jones,1,0,1,0,0,0,0,0
1,1126729,ICC Women's Championship,female,ODI,2018-07-13,Leicester,6,30,3,b05e45e4,AE Jones,7673c908,AC Kerr,4ba0289e,HC Knight,1,0,1,0,0,0,0,0
1,1126729,ICC Women's Championship,female,ODI,2018-07-13,Leicester,6,30,4,4ba0289e,HC Knight,7673c908,AC Kerr,b05e45e4,AE Jones,1,0,1,0,0,0,0,0
1,1126729,ICC Women's Championship,female,ODI,2018-07-13,Leicester,6,30,5,b05e45e4,AE Jones,7673c908,AC Kerr,4ba0289e,HC Knight,1,0,1,0,0,0,0,0
1,1126729,ICC Women's Championship,female,ODI,2018-07-13,Leicester,6,31,0,b05e45e4,AE Jones,7239a365,JM Watkin,4ba0289e,HC Knight,1,0,1,0,0,0,0,0
1,1126729,ICC Women's Championship,female,ODI,2018-07-13,Leicester,6,31,1,4ba0289e,HC Knight,7239a365,JM Watkin,b05e45e4,AE Jones,1,0,1,0,0,0,0,0
1,1126729,ICC Women's Championship,female,ODI,2018-07-13,Leicester,6,31,2,b05e45e4,AE Jones,7239a365,JM Watkin,4ba0289e,HC Knight,1,0,1,0,0,0,0,0
1,1126729,ICC Women's Championship,female,ODI,2018-07-13,Leicester,6,31,3,4ba0289e,HC Knight,7239a365,JM Watkin,b05e45e4,AE Jones,1,0,1,0,0,0,0,0
1,1126729,ICC Women's Championship,female,ODI,2018-07-13,Leicester,6,31,4,b05e45e4,AE Jones,7239a365,JM Watkin,4ba0289e,HC Knight,0,0,0,0,0,0,1,stumped
1,1126729,ICC Women's Championship,female,ODI,2018-07-13,Leicester,6,31,5,f3a18a0c,NR Sciver,7239a365,JM Watkin,4ba0289e,HC Knight,0,0,0,0,0,0,0,0
1,1126729,ICC Women's Championship,female,ODI,2018-07-13,Leicester,6,32,0,4ba0289e,HC Knight,b8cce99f,HNK Jensen,f3a18a0c,NR Sciver,0,0,0,0,0,0,0,0
1,1126729,ICC Women's Championship,female,ODI,2018-07-13,Leicester,6,32,1,4ba0289e,HC Knight,b8cce99f,HNK Jensen,f3a18a0c,NR Sciver,0,0,0,0,0,0,0,0
1,1126729,ICC Women's Championship,female,ODI,2018-07-13,Leicester,6,32,2,4ba0289e,HC Knight,b8cce99f,HNK Jensen,f3a18a0c,NR Sciver,1,0,1,0,0,0,0,0
1,1126729,ICC Women's Championship,female,ODI,2018-07-13,Leicester,6,32,3,f3a18a0c,NR Sciver,b8cce99f,HNK Jensen,4ba0289e,HC Knight,2,0,2,0,0,0,0,0
1,1126729,ICC Women's Championship,female,ODI,2018-07-13,Leicester,6,32,4,f3a18a0c,NR Sciver,b8cce99f,HNK Jensen,4ba0289e,HC Knight,1,0,1,0,0,0,0,0
1,1126729,ICC Women's Championship,female,ODI,2018-07-13,Leicester,6,32,5,4ba0289e,HC Knight,b8cce99f,HNK Jensen,f3a18a0c,NR Sciver,0,0,0,0,0,0,1,bowled
1,1126729,ICC Women's Championship,female,ODI,2018-07-13,Leicester,6,33,0,f3a18a0c,NR Sciver,7673c908,AC Kerr,a139c379,DN Wyatt,0,0,0,0,0,0,0,0
1,1126729,ICC Women's Championship,female,ODI,2018-07-13,Leicester,6,33,1,f3a18a0c,NR Sciver,7673c908,AC Kerr,a139c379,DN Wyatt,0,0,0,0,0,0,0,0
1,1126729,ICC Women's Championship,female,ODI,2018-07-13,Leicester,6,33,2,f3a18a0c,NR Sciver,7673c908,AC Kerr,a139c379,DN Wyatt,1,0,1,0,0,0,0,0
1,1126729,ICC Women's Championship,female,ODI,2018-07-13,Leicester,6,33,3,a139c379,DN Wyatt,7673c908,AC Kerr,f3a18a0c,NR Sciver,1,0,1,0,0,0,0,0
1,1126729,ICC Women's Championship,female,ODI,2018-07-13,Leicester,6,33,4,f3a18a0c,NR Sciver,7673c908,AC Kerr,a139c379,DN Wyatt,0,0,0,0,0,0,0,0
1,1126729,ICC Women's Championship,female,ODI,2018-07-13,Leicester,6,33,5,f3a18a0c,NR Sciver,7673c908,AC Kerr,a139c379,DN Wyatt,1,0,1,0,0,0,0,0
1,1126729,ICC Women's Championship,female,ODI,2018-07-13,Leicester,6,34,0,f3a18a0c,NR Sciver,b8cce99f,HNK Jensen,a139c379,DN Wyatt,4,0,4,0,0,0,0,0
1,1126729,ICC Women's Championship,female,ODI,2018-07-13,Leicester,6,34,1,f3a18a0c,NR Sciver,b8cce99f,HNK Jensen,a139c379,DN Wyatt,0,0,0,0,0,0,0,0
1,1126729,ICC Women's Championship,female,ODI,2018-07-13,Leicester,6,34,2,f3a18a0c,NR Sciver,b8cce99f,HNK Jensen,a139c379,DN Wyatt,1,0,1,0,0,0,0,0
1,1126729,ICC Women's Championship,female,ODI,2018-07-13,Leicester,6,34,3,a139c379,DN Wyatt,b8cce99f,HNK Jensen,f3a18a0c,NR Sciver,0,0,0,0,0,0,0,0
1,1126729,ICC Women's Championship,female,ODI,2018-07-13,Leicester,6,34,4,a139c379,DN Wyatt,b8cce99f,HNK Jensen,f3a18a0c,NR Sciver,2,0,2,0,0,0,0,0
1,1126729,ICC Women's Championship,female,ODI,2018-07-13,Leicester,6,34,5,a139c379,DN Wyatt,b8cce99f,HNK Jensen,f3a18a0c,NR Sciver,0,0,0,0,0,0,0,0
1,1126729,ICC Women's Championship,female,ODI,2018-07-13,Leicester,6,35,0,f3a18a0c,NR Sciver,9b73d523,LM Kasperek,a139c379,DN Wyatt,1,0,1,0,0,0,0,0
1,1126729,ICC Women's Championship,female,ODI,2018-07-13,Leicester,6,35,1,a139c379,DN Wyatt,9b73d523,LM Kasperek,f3a18a0c,NR Sciver,0,0,0,0,0,0,0,0
1,1126729,ICC Women's Championship,female,ODI,2018-07-13,Leicester,6,35,2,a139c379,DN Wyatt,9b73d523,LM Kasperek,f3a18a0c,NR Sciver,0,0,0,0,0,0,1,run out
1,1126729,ICC Women's Championship,female,ODI,2018-07-13,Leicester,6,35,3,a139c379,DN Wyatt,9b73d523,LM Kasperek,6a434bd3,KH Brunt,0,0,0,0,0,0,0,0
1,1126729,ICC Women's Championship,female,ODI,2018-07-13,Leicester,6,35,4,a139c379,DN Wyatt,9b73d523,LM Kasperek,6a434bd3,KH Brunt,1,0,1,0,0,0,0,0
1,1126729,ICC Women's Championship,female,ODI,2018-07-13,Leicester,6,35,5,6a434bd3,KH Brunt,9b73d523,LM Kasperek,a139c379,DN Wyatt,1,0,1,0,0,0,0,0
1,1126729,ICC Women's Championship,female,ODI,2018-07-13,Leicester,6,36,0,6a434bd3,KH Brunt,7673c908,AC Kerr,a139c379,DN Wyatt,1,0,1,0,0,0,0,0
1,1126729,ICC Women's Championship,female,ODI,2018-07-13,Leicester,6,36,1,a139c379,DN Wyatt,7673c908,AC Kerr,6a434bd3,KH Brunt,0,0,0,0,0,0,0,0
1,1126729,ICC Women's Championship,female,ODI,2018-07-13,Leicester,6,36,2,a139c379,DN Wyatt,7673c908,AC Kerr,6a434bd3,KH Brunt,1,0,1,0,0,0,0,0
1,1126729,ICC Women's Championship,female,ODI,2018-07-13,Leicester,6,36,3,6a434bd3,KH Brunt,7673c908,AC Kerr,a139c379,DN Wyatt,0,0,0,0,0,0,0,0
1,1126729,ICC Women's Championship,female,ODI,2018-07-13,Leicester,6,36,4,6a434bd3,KH Brunt,7673c908,AC Kerr,a139c379,DN Wyatt,1,0,1,0,0,0,0,0
1,1126729,ICC Women's Championship,female,ODI,2018-07-13,Leicester,6,36,5,a139c379,DN Wyatt,7673c908,AC Kerr,6a434bd3,KH Brunt,1,0,1,0,0,0,0,0
1,1126729,ICC Women's Championship,female,ODI,2018-07-13,Leicester,6,37,0,a139c379,DN Wyatt,9b73d523,LM Kasperek,6a434bd3,KH Brunt,1,0,1,0,0,0,0,0
1,1126729,ICC Women's Championship,female,ODI,2018-07-13,Leicester,6,37,1,6a434bd3,KH Brunt,9b73d523,LM Kasperek,a139c379,DN Wyatt,0,0,0,0,0,0,0,0
1,1126729,ICC Women's Championship,female,ODI,2018-07-13,Leicester,6,37,2,6a434bd3,KH Brunt,9b73d523,LM Kasperek,a139c379,DN Wyatt,0,0,0,0,0,0,0,0
1,1126729,ICC Women's Championship,female,ODI,2018-07-13,Leicester,6,37,3,6a434bd3,KH Brunt,9b73d523,LM Kasperek,a139c379,DN Wyatt,1,0,1,0,0,0,0,0
1,1126729,ICC Women's Championship,female,ODI,2018-07-13,Leicester,6,37,4,a139c379,DN Wyatt,9b73d523,LM Kasperek,6a434bd3,KH Brunt,1,0,1,0,0,0,0,0
1,1126729,ICC Women's Championship,female,ODI,2018-07-13,Leicester,6,37,5,6a434bd3,KH Brunt,9b73d523,LM Kasperek,a139c379,DN Wyatt,0,0,0,0,0,0,0,0
1,1126729,ICC Women's Championship,female,ODI,2018-07-13,Leicester,6,38,0,a139c379,DN Wyatt,7673c908,AC Kerr,6a434bd3,KH Brunt,2,0,2,0,0,0,0,0
1,1126729,ICC Women's Championship,female,ODI,2018-07-13,Leicester,6,38,1,a139c379,DN Wyatt,7673c908,AC Kerr,6a434bd3,KH Brunt,4,0,4,0,0,0,0,0
1,1126729,ICC Women's Championship,female,ODI,2018-07-13,Leicester,6,38,2,a139c379,DN Wyatt,7673c908,AC Kerr,6a434bd3,KH Brunt,1,0,1,0,0,0,0,0
1,1126729,ICC Women's Championship,female,ODI,2018-07-13,Leicester,6,38,3,6a434bd3,KH Brunt,7673c908,AC Kerr,a139c379,DN Wyatt,0,0,0,0,0,0,0,0
1,1126729,ICC Women's Championship,female,ODI,2018-07-13,Leicester,6,38,4,6a434bd3,KH Brunt,7673c908,AC Kerr,a139c379,DN Wyatt,1,0,1,0,0,0,0,0
1,1126729,ICC Women's Championship,female,ODI,2018-07-13,Leicester,6,38,5,a139c379,DN Wyatt,7673c908,AC Kerr,6a434bd3,KH Brunt,0,0,0,0,0,0,0,0
1,1126729,ICC Women's Championship,female,ODI,2018-07-13,Leicester,6,39,0,6a434bd3,KH Brunt,9b73d523,LM Kasperek,a139c379,DN Wyatt,0,0,0,0,0,0,0,0
1,1126729,ICC Women's Championship,female,ODI,2018-07-13,Leicester,6,39,1,6a434bd3,KH Brunt,9b73d523,LM Kasperek,a139c379,DN Wyatt,0,0,0,0,0,0,1,caught
1,1126729,ICC Women's Championship,female,ODI,2018-07-13,Leicester,6,39,2,287ed3a0,GA Elwiss,9b73d523,LM Kasperek,a139c379,DN Wyatt,0,0,0,0,0,0,0,0
1,1126729,ICC Women's Championship,female,ODI,2018-07-13,Leicester,6,39,3,287ed3a0,GA Elwiss,9b73d523,LM Kasperek,a139c379,DN Wyatt,1,0,1,0,0,0,0,0
1,1126729,ICC Women's Championship,female,ODI,2018-07-13,Leicester,6,39,4,a139c379,DN Wyatt,9b73d523,LM Kasperek,287ed3a0,GA Elwiss,1,0,1,0,0,0,0,0
1,1126729,ICC Women's Championship,female,ODI,2018-07-13,Leicester,6,39,5,287ed3a0,GA Elwiss,9b73d523,LM Kasperek,a139c379,DN Wyatt,1,0,1,0,0,0,0,0
1,1126729,ICC Women's Championship,female,ODI,2018-07-13,Leicester,6,40,0,287ed3a0,GA Elwiss,b8cce99f,HNK Jensen,a139c379,DN Wyatt,0,0,0,0,0,0,0,0
1,1126729,ICC Women's Championship,female,ODI,2018-07-13,Leicester,6,40,1,287ed3a0,GA Elwiss,b8cce99f,HNK Jensen,a139c379,DN Wyatt,0,0,0,0,0,0,0,0
1,1126729,ICC Women's Championship,female,ODI,2018-07-13,Leicester,6,40,2,287ed3a0,GA Elwiss,b8cce99f,HNK Jensen,a139c379,DN Wyatt,0,0,0,0,0,0,0,0
1,1126729,ICC Women's Championship,female,ODI,2018-07-13,Leicester,6,40,3,287ed3a0,GA Elwiss,b8cce99f,HNK Jensen,a139c379,DN Wyatt,0,0,0,0,0,0,0,0
1,1126729,ICC Women's Championship,female,ODI,2018-07-13,Leicester,6,40,4,287ed3a0,GA Elwiss,b8cce99f,HNK Jensen,a139c379,DN Wyatt,1,0,1,0,0,0,0,0
1,1126729,ICC Women's Championship,female,ODI,2018-07-13,Leicester,6,40,5,a139c379,DN Wyatt,b8cce99f,HNK Jensen,287ed3a0,GA Elwiss,0,0,0,0,0,0,0,0
1,1126729,ICC Women's Championship,female,ODI,2018-07-13,Leicester,6,41,0,287ed3a0,GA Elwiss,9b73d523,LM Kasperek,a139c379,DN Wyatt,0,0,0,0,0,0,0,0
1,1126729,ICC Women's Championship,female,ODI,2018-07-13,Leicester,6,41,1,287ed3a0,GA Elwiss,9b73d523,LM Kasperek,a139c379,DN Wyatt,0,0,0,0,0,0,0,0
1,1126729,ICC Women's Championship,female,ODI,2018-07-13,Leicester,6,41,2,287ed3a0,GA Elwiss,9b73d523,LM Kasperek,a139c379,DN Wyatt,4,0,4,0,0,0,0,0
1,1126729,ICC Women's Championship,female,ODI,2018-07-13,Leicester,6,41,3,287ed3a0,GA Elwiss,9b73d523,LM Kasperek,a139c379,DN Wyatt,3,0,3,0,0,0,0,0
1,1126729,ICC Women's Championship,female,ODI,2018-07-13,Leicester,6,41,4,a139c379,DN Wyatt,9b73d523,LM Kasperek,287ed3a0,GA Elwiss,1,0,1,0,0,0,0,0
1,1126729,ICC Women's Championship,female,ODI,2018-07-13,Leicester,6,41,5,287ed3a0,GA Elwiss,9b73d523,LM Kasperek,a139c379,DN Wyatt,1,0,1,0,0,0,0,0
1,1126729,ICC Women's Championship,female,ODI,2018-07-13,Leicester,6,42,0,287ed3a0,GA Elwiss,b8cce99f,HNK Jensen,a139c379,DN Wyatt,0,0,0,0,0,0,0,0
1,1126729,ICC Women's Championship,female,ODI,2018-07-13,Leicester,6,42,1,287ed3a0,GA Elwiss,b8cce99f,HNK Jensen,a139c379,DN Wyatt,0,0,0,0,0,0,1,caught
1,1126729,ICC Women's Championship,female,ODI,2018-07-13,Leicester,6,42,2,9706e64b,LA Marsh,b8cce99f,HNK Jensen,a139c379,DN Wyatt,0,0,0,0,0,0,0,0
1,1126729,ICC Women's Championship,female,ODI,2018-07-13,Leicester,6,42,3,9706e64b,LA Marsh,b8cce99f,HNK Jensen,a139c379,DN Wyatt,0,0,0,0,0,0,0,0
1,1126729,ICC Women's Championship,female,ODI,2018-07-13,Leicester,6,42,4,9706e64b,LA Marsh,b8cce99f,HNK Jensen,a139c379,DN Wyatt,0,0,0,0,0,0,0,0
1,1126729,ICC Women's Championship,female,ODI,2018-07-13,Leicester,6,42,5,9706e64b,LA Marsh,b8cce99f,HNK Jensen,a139c379,DN Wyatt,2,0,2,0,0,0,0,0
1,1126729,ICC Women's Championship,female,ODI,2018-07-13,Leicester,6,43,0,a139c379,DN Wyatt,7239a365,JM Watkin,9706e64b,LA Marsh,1,0,1,0,0,0,0,0
1,1126729,ICC Women's Championship,female,ODI,2018-07-13,Leicester,6,43,1,9706e64b,LA Marsh,7239a365,JM Watkin,a139c379,DN Wyatt,0,0,0,0,0,0,0,0
1,1126729,ICC Women's Championship,female,ODI,2018-07-13,Leicester,6,43,2,9706e64b,LA Marsh,7239a365,JM Watkin,a139c379,DN Wyatt,2,0,2,0,0,0,0,0
1,1126729,ICC Women's Championship,female,ODI,2018-07-13,Leicester,6,43,3,9706e64b,LA Marsh,7239a365,JM Watkin,a139c379,DN Wyatt,1,0,1,0,0,0,0,0
1,1126729,ICC Women's Championship,female,ODI,2018-07-13,Leicester,6,43,4,a139c379,DN Wyatt,7239a365,JM Watkin,9706e64b,LA Marsh,0,0,0,0,0,0,1,caught
1,1126729,ICC Women's Championship,female,ODI,2018-07-13,Leicester,6,43,5,cdb82f1c,S Ecclestone,7239a365,JM Watkin,9706e64b,LA Marsh,0,0,0,0,0,0,0,0
1,1126729,ICC Women's Championship,female,ODI,2018-07-13,Leicester,6,44,0,9706e64b,LA Marsh,b8cce99f,HNK Jensen,cdb82f1c,S Ecclestone,1,0,1,0,0,0,0,0
1,1126729,ICC Women's Championship,female,ODI,2018-07-13,Leicester,6,44,1,cdb82f1c,S Ecclestone,b8cce99f,HNK Jensen,9706e64b,LA Marsh,1,0,1,0,0,0,0,0
1,1126729,ICC Women's Championship,female,ODI,2018-07-13,Leicester,6,44,2,9706e64b,LA Marsh,b8cce99f,HNK Jensen,cdb82f1c,S Ecclestone,0,0,0,0,0,0,0,0
1,1126729,ICC Women's Championship,female,ODI,2018-07-13,Leicester,6,44,3,9706e64b,LA Marsh,b8cce99f,HNK Jensen,cdb82f1c,S Ecclestone,1,0,1,0,0,0,0,0
1,1126729,ICC Women's Championship,female,ODI,2018-07-13,Leicester,6,44,4,cdb82f1c,S Ecclestone,b8cce99f,HNK Jensen,9706e64b,LA Marsh,0,1,1,0,0,1,0,0
1,1126729,ICC Women's Championship,female,ODI,2018-07-13,Leicester,6,44,5,cdb82f1c,S Ecclestone,b8cce99f,HNK Jensen,9706e64b,LA Marsh,0,0,0,0,0,0,0,0
1,1126729,ICC Women's Championship,female,ODI,2018-07-13,Leicester,6,44,6,cdb82f1c,S Ecclestone,b8cce99f,HNK Jensen,9706e64b,LA Marsh,0,0,0,0,0,0,0,0
1,1126729,ICC Women's Championship,female,ODI,2018-07-13,Leicester,6,45,0,9706e64b,LA Marsh,9b73d523,LM Kasperek,cdb82f1c,S Ecclestone,1,0,1,0,0,0,0,0
1,1126729,ICC Women's Championship,female,ODI,2018-07-13,Leicester,6,45,1,cdb82f1c,S Ecclestone,9b73d523,LM Kasperek,9706e64b,LA Marsh,0,0,0,0,0,0,1,lbw
1,1126729,ICC Women's Championship,female,ODI,2018-07-13,Leicester,6,45,2,1ade138e,KL Cross,9b73d523,LM Kasperek,9706e64b,LA Marsh,0,0,0,0,0,0,0,0
1,1126729,ICC Women's Championship,female,ODI,2018-07-13,Leicester,6,45,3,1ade138e,KL Cross,9b73d523,LM Kasperek,9706e64b,LA Marsh,0,0,0,0,0,0,0,0
1,1126729,ICC Women's Championship,female,ODI,2018-07-13,Leicester,6,45,4,1ade138e,KL Cross,9b73d523,LM Kasperek,9706e64b,LA Marsh,1,0,1,0,0,0,0,0
1,1126729,ICC Women's Championship,female,ODI,2018-07-13,Leicester,6,45,5,9706e64b,LA Marsh,9b73d523,LM Kasperek,1ade138e,KL Cross,0,0,0,0,0,0,0,0
1,1126729,ICC Women's Championship,female,ODI,2018-07-13,Leicester,6,46,0,1ade138e,KL Cross,7239a365,JM Watkin,9706e64b,LA Marsh,0,1,1,0,0,0,0,0
1,1126729,ICC Women's Championship,female,ODI,2018-07-13,Leicester,6,46,1,9706e64b,LA Marsh,7239a365,JM Watkin,1ade138e,KL Cross,0,0,0,0,0,0,0,0
1,1126729,ICC Women's Championship,female,ODI,2018-07-13,Leicester,6,46,2,9706e64b,LA Marsh,7239a365,JM Watkin,1ade138e,KL Cross,1,0,1,0,0,0,0,0
1,1126729,ICC Women's Championship,female,ODI,2018-07-13,Leicester,6,46,3,1ade138e,KL Cross,7239a365,JM Watkin,9706e64b,LA Marsh,1,0,1,0,0,0,0,0
1,1126729,ICC Women's Championship,female,ODI,2018-07-13,Leicester,6,46,4,9706e64b,LA Marsh,7239a365,JM Watkin,1ade138e,KL Cross,0,0,0,0,0,0,0,0
1,1126729,ICC Women's Championship,female,ODI,2018-07-13,Leicester,6,46,5,9706e64b,LA Marsh,7239a365,JM Watkin,1ade138e,KL Cross,0,0,0,0,0,0,0,0
1,1126729,ICC Women's Championship,female,ODI,2018-07-13,Leicester,6,47,0,1ade138e,KL Cross,9b73d523,LM Kasperek,9706e64b,LA Marsh,1,0,1,0,0,0,0,0
1,1126729,ICC Women's Championship,female,ODI,2018-07-13,Leicester,6,47,1,9706e64b,LA Marsh,9b73d523,LM Kasperek,1ade138e,KL Cross,0,1,1,1,0,0,0,0
1,1126729,ICC Women's Championship,female,ODI,2018-07-13,Leicester,6,47,2,1ade138e,KL Cross,9b73d523,LM Kasperek,9706e64b,LA Marsh,1,0,1,0,0,0,0,0
1,1126729,ICC Women's Championship,female,ODI,2018-07-13,Leicester,6,47,3,9706e64b,LA Marsh,9b73d523,LM Kasperek,1ade138e,KL Cross,0,0,0,0,0,0,1,bowled
2,1126729,ICC Women's Championship,female,ODI,2018-07-13,Leicester,6,0,0,7239a365,JM Watkin,6a434bd3,KH Brunt,de69af96,SFM Devine,0,1,1,0,0,1,0,0
2,1126729,ICC Women's Championship,female,ODI,2018-07-13,Leicester,6,0,1,7239a365,JM Watkin,6a434bd3,KH Brunt,de69af96,SFM Devine,0,0,0,0,0,0,0,0
2,1126729,ICC Women's Championship,female,ODI,2018-07-13,Leicester,6,0,2,7239a365,JM Watkin,6a434bd3,KH Brunt,de69af96,SFM Devine,0,0,0,0,0,0,0,0
2,1126729,ICC Women's Championship,female,ODI,2018-07-13,Leicester,6,0,3,7239a365,JM Watkin,6a434bd3,KH Brunt,de69af96,SFM Devine,0,1,1,0,0,1,0,0
2,1126729,ICC Women's Championship,female,ODI,2018-07-13,Leicester,6,0,4,7239a365,JM Watkin,6a434bd3,KH Brunt,de69af96,SFM Devine,0,0,0,0,0,0,0,0
2,1126729,ICC Women's Championship,female,ODI,2018-07-13,Leicester,6,0,5,7239a365,JM Watkin,6a434bd3,KH Brunt,de69af96,SFM Devine,0,0,0,0,0,0,1,lbw
2,1126729,ICC Women's Championship,female,ODI,2018-07-13,Leicester,6,0,6,865eae1f,ML Green,6a434bd3,KH Brunt,de69af96,SFM Devine,0,1,1,0,0,1,0,0
2,1126729,ICC Women's Championship,female,ODI,2018-07-13,Leicester,6,0,7,865eae1f,ML Green,6a434bd3,KH Brunt,de69af96,SFM Devine,0,0,0,0,0,0,0,0
2,1126729,ICC Women's Championship,female,ODI,2018-07-13,Leicester,6,0,8,865eae1f,ML Green,6a434bd3,KH Brunt,de69af96,SFM Devine,0,1,1,1,0,0,0,0
2,1126729,ICC Women's Championship,female,ODI,2018-07-13,Leicester,6,1,0,865eae1f,ML Green,1ade138e,KL Cross,de69af96,SFM Devine,0,0,0,0,0,0,0,0
2,1126729,ICC Women's Championship,female,ODI,2018-07-13,Leicester,6,1,1,865eae1f,ML Green,1ade138e,KL Cross,de69af96,SFM Devine,0,0,0,0,0,0,0,0
2,1126729,ICC Women's Championship,female,ODI,2018-07-13,Leicester,6,1,2,865eae1f,ML Green,1ade138e,KL Cross,de69af96,SFM Devine,0,0,0,0,0,0,0,0
2,1126729,ICC Women's Championship,female,ODI,2018-07-13,Leicester,6,1,3,865eae1f,ML Green,1ade138e,KL Cross,de69af96,SFM Devine,1,0,1,0,0,0,0,0
2,1126729,ICC Women's Championship,female,ODI,2018-07-13,Leicester,6,1,4,de69af96,SFM Devine,1ade138e,KL Cross,865eae1f,ML Green,0,0,0,0,0,0,0,0
2,1126729,ICC Women's Championship,female,ODI,2018-07-13,Leicester,6,1,5,de69af96,SFM Devine,1ade138e,KL Cross,865eae1f,ML Green,0,0,0,0,0,0,0,0
2,1126729,ICC Women's Championship,female,ODI,2018-07-13,Leicester,6,2,0,865eae1f,ML Green,6a434bd3,KH Brunt,de69af96,SFM Devine,0,1,1,1,0,0,0,0
2,1126729,ICC Women's Championship,female,ODI,2018-07-13,Leicester,6,2,1,de69af96,SFM Devine,6a434bd3,KH Brunt,865eae1f,ML Green,0,0,0,0,0,0,0,0
2,1126729,ICC Women's Championship,female,ODI,2018-07-13,Leicester,6,2,2,de69af96,SFM Devine,6a434bd3,KH Brunt,865eae1f,ML Green,0,0,0,0,0,0,0,0
2,1126729,ICC Women's Championship,female,ODI,2018-07-13,Leicester,6,2,3,de69af96,SFM Devine,6a434bd3,KH Brunt,865eae1f,ML Green,4,0,4,0,0,0,0,0
2,1126729,ICC Women's Championship,female,ODI,2018-07-13,Leicester,6,2,4,de69af96,SFM Devine,6a434bd3,KH Brunt,865eae1f,ML Green,0,0,0,0,0,0,0,0
2,1126729,ICC Women's Championship,female,ODI,2018-07-13,Leicester,6,2,5,de69af96,SFM Devine,6a434bd3,KH Brunt,865eae1f,ML Green,0,0,0,0,0,0,0,0
2,1126729,ICC Women's Championship,female,ODI,2018-07-13,Leicester,6,3,0,865eae1f,ML Green,1ade138e,KL Cross,de69af96,SFM Devine,1,0,1,0,0,0,0,0
2,1126729,ICC Women's Championship,female,ODI,2018-07-13,Leicester,6,3,1,de69af96,SFM Devine,1ade138e,KL Cross,865eae1f,ML Green,4,0,4,0,0,0,0,0
2,1126729,ICC Women's Championship,female,ODI,2018-07-13,Leicester,6,3,2,de69af96,SFM Devine,1ade138e,KL Cross,865eae1f,ML Green,1,0,1,0,0,0,0,0
2,1126729,ICC Women's Championship,female,ODI,2018-07-13,Leicester,6,3,3,865eae1f,ML Green,1ade138e,KL Cross,de69af96,SFM Devine,0,0,0,0,0,0,0,0
2,1126729,ICC Women's Championship,female,ODI,2018-07-13,Leicester,6,3,4,865eae1f,ML Green,1ade138e,KL Cross,de69af96,SFM Devine,0,0,0,0,0,0,0,0
2,1126729,ICC Women's Championship,female,ODI,2018-07-13,Leicester,6,3,5,865eae1f,ML Green,1ade138e,KL Cross,de69af96,SFM Devine,0,0,0,0,0,0,0,0
2,1126729,ICC Women's Championship,female,ODI,2018-07-13,Leicester,6,4,0,de69af96,SFM Devine,6a434bd3,KH Brunt,865eae1f,ML Green,1,0,1,0,0,0,0,0
2,1126729,ICC Women's Championship,female,ODI,2018-07-13,Leicester,6,4,1,865eae1f,ML Green,6a434bd3,KH Brunt,de69af96,SFM Devine,0,0,0,0,0,0,0,0
2,1126729,ICC Women's Championship,female,ODI,2018-07-13,Leicester,6,4,2,865eae1f,ML Green,6a434bd3,KH Brunt,de69af96,SFM Devine,0,0,0,0,0,0,0,0
2,1126729,ICC Women's Championship,female,ODI,2018-07-13,Leicester,6,4,3,865eae1f,ML Green,6a434bd3,KH Brunt,de69af96,SFM Devine,0,0,0,0,0,0,0,0
2,1126729,ICC Women's Championship,female,ODI,2018-07-13,Leicester,6,4,4,865eae1f,ML Green,6a434bd3,KH Brunt,de69af96,SFM Devine,0,0,0,0,0,0,0,0
2,1126729,ICC Women's Championship,female,ODI,2018-07-13,Leicester,6,4,5,865eae1f,ML Green,6a434bd3,KH Brunt,de69af96,SFM Devine,0,0,0,0,0,0,0,0
2,1126729,ICC Women's Championship,female,ODI,2018-07-13,Leicester,6,5,0,de69af96,SFM Devine,1ade138e,KL Cross,865eae1f,ML Green,0,0,0,0,0,0,0,0
2,1126729,ICC Women's Championship,female,ODI,2018-07-13,Leicester,6,5,1,de69af96,SFM Devine,1ade138e,KL Cross,865eae1f,ML Green,0,0,0,0,0,0,0,0
2,1126729,ICC Women's Championship,female,ODI,2018-07-13,Leicester,6,5,2,de69af96,SFM Devine,1ade138e,KL Cross,865eae1f,ML Green,1,0,1,0,0,0,0,0
2,1126729,ICC Women's Championship,female,ODI,2018-07-13,Leicester,6,5,3,865eae1f,ML Green,1ade138e,KL Cross,de69af96,SFM Devine,0,0,0,0,0,0,0,0
2,1126729,ICC Women's Championship,female,ODI,2018-07-13,Leicester,6,5,4,865eae1f,ML Green,1ade138e,KL Cross,de69af96,SFM Devine,0,0,0,0,0,0,0,0
2,1126729,ICC Women's Championship,female,ODI,2018-07-13,Leicester,6,5,5,865eae1f,ML Green,1ade138e,KL Cross,de69af96,SFM Devine,0,0,0,0,0,0,0,0
2,1126729,ICC Women's Championship,female,ODI,2018-07-13,Leicester,6,6,0,de69af96,SFM Devine,6a434bd3,KH Brunt,865eae1f,ML Green,0,0,0,0,0,0,0,0
2,1126729,ICC Women's Championship,female,ODI,2018-07-13,Leicester,6,6,1,de69af96,SFM Devine,6a434bd3,KH Brunt,865eae1f,ML Green,4,0,4,0,0,0,0,0
2,1126729,ICC Women's Championship,female,ODI,2018-07-13,Leicester,6,6,2,de69af96,SFM Devine,6a434bd3,KH Brunt,865eae1f,ML Green,1,0,1,0,0,0,0,0
2,1126729,ICC Women's Championship,female,ODI,2018-07-13,Leicester,6,6,3,865eae1f,ML Green,6a434bd3,KH Brunt,de69af96,SFM Devine,0,0,0,0,0,0,0,0
2,1126729,ICC Women's Championship,female,ODI,2018-07-13,Leicester,6,6,4,865eae1f,ML Green,6a434bd3,KH Brunt,de69af96,SFM Devine,4,0,4,0,0,0,0,0
2,1126729,ICC Women's Championship,female,ODI,2018-07-13,Leicester,6,6,5,865eae1f,ML Green,6a434bd3,KH Brunt,de69af96,SFM Devine,0,0,0,0,0,0,0,0
2,1126729,ICC Women's Championship,female,ODI,2018-07-13,Leicester,6,7,0,de69af96,SFM Devine,1ade138e,KL Cross,865eae1f,ML Green,2,0,2,0,0,0,0,0
2,1126729,ICC Women's Championship,female,ODI,2018-07-13,Leicester,6,7,1,de69af96,SFM Devine,1ade138e,KL Cross,865eae1f,ML Green,1,0,1,0,0,0,0,0
2,1126729,ICC Women's Championship,female,ODI,2018-07-13,Leicester,6,7,2,865eae1f,ML Green,1ade138e,KL Cross,de69af96,SFM Devine,0,0,0,0,0,0,0,0
2,1126729,ICC Women's Championship,female,ODI,2018-07-13,Leicester,6,7,3,865eae1f,ML Green,1ade138e,KL Cross,de69af96,SFM Devine,0,0,0,0,0,0,0,0
2,1126729,ICC Women's Championship,female,ODI,2018-07-13,Leicester,6,7,4,865eae1f,ML Green,1ade138e,KL Cross,de69af96,SFM Devine,1,0,1,0,0,0,0,0
2,1126729,ICC Women's Championship,female,ODI,2018-07-13,Leicester,6,7,5,de69af96,SFM Devine,1ade138e,KL Cross,865eae1f,ML Green,4,0,4,0,0,0,0,0
2,1126729,ICC Women's Championship,female,ODI,2018-07-13,Leicester,6,8,0,865eae1f,ML Green,287ed3a0,GA Elwiss,de69af96,SFM Devine,0,0,0,0,0,0,0,0
2,1126729,ICC Women's Championship,female,ODI,2018-07-13,Leicester,6,8,1,865eae1f,ML Green,287ed3a0,GA Elwiss,de69af96,SFM Devine,0,0,0,0,0,0,0,0
2,1126729,ICC Women's Championship,female,ODI,2018-07-13,Leicester,6,8,2,865eae1f,ML Green,287ed3a0,GA Elwiss,de69af96,SFM Devine,1,0,1,0,0,0,0,0
2,1126729,ICC Women's Championship,female,ODI,2018-07-13,Leicester,6,8,3,de69af96,SFM Devine,287ed3a0,GA Elwiss,865eae1f,ML Green,0,1,1,1,0,0,0,0
2,1126729,ICC Women's Championship,female,ODI,2018-07-13,Leicester,6,8,4,865eae1f,ML Green,287ed3a0,GA Elwiss,de69af96,SFM Devine,0,0,0,0,0,0,0,0
2,1126729,ICC Women's Championship,female,ODI,2018-07-13,Leicester,6,8,5,865eae1f,ML Green,287ed3a0,GA Elwiss,de69af96,SFM Devine,0,0,0,0,0,0,0,0
2,1126729,ICC Women's Championship,female,ODI,2018-07-13,Leicester,6,9,0,de69af96,SFM Devine,1ade138e,KL Cross,865eae1f,ML Green,3,0,3,0,0,0,0,0
2,1126729,ICC Women's Championship,female,ODI,2018-07-13,Leicester,6,9,1,865eae1f,ML Green,1ade138e,KL Cross,de69af96,SFM Devine,1,0,1,0,0,0,0,0
2,1126729,ICC Women's Championship,female,ODI,2018-07-13,Leicester,6,9,2,de69af96,SFM Devine,1ade138e,KL Cross,865eae1f,ML Green,4,0,4,0,0,0,0,0
2,1126729,ICC Women's Championship,female,ODI,2018-07-13,Leicester,6,9,3,de69af96,SFM Devine,1ade138e,KL Cross,865eae1f,ML Green,0,0,0,0,0,0,0,0
2,1126729,ICC Women's Championship,female,ODI,2018-07-13,Leicester,6,9,4,de69af96,SFM Devine,1ade138e,KL Cross,865eae1f,ML Green,0,0,0,0,0,0,0,0
2,1126729,ICC Women's Championship,female,ODI,2018-07-13,Leicester,6,9,5,de69af96,SFM Devine,1ade138e,KL Cross,865eae1f,ML Green,0,0,0,0,0,0,0,0
2,1126729,ICC Women's Championship,female,ODI,2018-07-13,Leicester,6,10,0,865eae1f,ML Green,287ed3a0,GA Elwiss,de69af96,SFM Devine,0,0,0,0,0,0,0,0
2,1126729,ICC Women's Championship,female,ODI,2018-07-13,Leicester,6,10,1,865eae1f,ML Green,287ed3a0,GA Elwiss,de69af96,SFM Devine,1,0,1,0,0,0,0,0
2,1126729,ICC Women's Championship,female,ODI,2018-07-13,Leicester,6,10,2,de69af96,SFM Devine,287ed3a0,GA Elwiss,865eae1f,ML Green,0,0,0,0,0,0,0,0
2,1126729,ICC Women's Championship,female,ODI,2018-07-13,Leicester,6,10,3,de69af96,SFM Devine,287ed3a0,GA Elwiss,865eae1f,ML Green,1,0,1,0,0,0,0,0
2,1126729,ICC Women's Championship,female,ODI,2018-07-13,Leicester,6,10,4,865eae1f,ML Green,287ed3a0,GA Elwiss,de69af96,SFM Devine,0,0,0,0,0,0,0,0
2,1126729,ICC Women's Championship,female,ODI,2018-07-13,Leicester,6,10,5,865eae1f,ML Green,287ed3a0,GA Elwiss,de69af96,SFM Devine,4,0,4,0,0,0,0,0
2,1126729,ICC Women's Championship,female,ODI,2018-07-13,Leicester,6,11,0,de69af96,SFM Devine,cdb82f1c,S Ecclestone,865eae1f,ML Green,2,0,2,0,0,0,0,0
2,1126729,ICC Women's Championship,female,ODI,2018-07-13,Leicester,6,11,1,de69af96,SFM Devine,cdb82f1c,S Ecclestone,865eae1f,ML Green,1,0,1,0,0,0,0,0
2,1126729,ICC Women's Championship,female,ODI,2018-07-13,Leicester,6,11,2,865eae1f,ML Green,cdb82f1c,S Ecclestone,de69af96,SFM Devine,0,0,0,0,0,0,0,0
2,1126729,ICC Women's Championship,female,ODI,2018-07-13,Leicester,6,11,3,865eae1f,ML Green,cdb82f1c,S Ecclestone,de69af96,SFM Devine,1,0,1,0,0,0,0,0
2,1126729,ICC Women's Championship,female,ODI,2018-07-13,Leicester,6,11,4,de69af96,SFM Devine,cdb82f1c,S Ecclestone,865eae1f,ML Green,0,0,0,0,0,0,0,0
2,1126729,ICC Women's Championship,female,ODI,2018-07-13,Leicester,6,11,5,de69af96,SFM Devine,cdb82f1c,S Ecclestone,865eae1f,ML Green,2,0,2,0,0,0,0,0
2,1126729,ICC Women's Championship,female,ODI,2018-07-13,Leicester,6,12,0,865eae1f,ML Green,287ed3a0,GA Elwiss,de69af96,SFM Devine,0,0,0,0,0,0,0,0
2,1126729,ICC Women's Championship,female,ODI,2018-07-13,Leicester,6,12,1,865eae1f,ML Green,287ed3a0,GA Elwiss,de69af96,SFM Devine,0,0,0,0,0,0,0,0
2,1126729,ICC Women's Championship,female,ODI,2018-07-13,Leicester,6,12,2,865eae1f,ML Green,287ed3a0,GA Elwiss,de69af96,SFM Devine,0,0,0,0,0,0,0,0
2,1126729,ICC Women's Championship,female,ODI,2018-07-13,Leicester,6,12,3,865eae1f,ML Green,287ed3a0,GA Elwiss,de69af96,SFM Devine,0,0,0,0,0,0,0,0
2,1126729,ICC Women's Championship,female,ODI,2018-07-13,Leicester,6,12,4,865eae1f,ML Green,287ed3a0,GA Elwiss,de69af96,SFM Devine,1,0,1,0,0,0,0,0
2,1126729,ICC Women's Championship,female,ODI,2018-07-13,Leicester,6,12,5,de69af96,SFM Devine,287ed3a0,GA Elwiss,865eae1f,ML Green,0,0,0,0,0,0,0,0
2,1126729,ICC Women's Championship,female,ODI,2018-07-13,Leicester,6,13,0,865eae1f,ML Green,cdb82f1c,S Ecclestone,de69af96,SFM Devine,1,0,1,0,0,0,0,0
2,1126729,ICC Women's Championship,female,ODI,2018-07-13,Leicester,6,13,1,de69af96,SFM Devine,cdb82f1c,S Ecclestone,865eae1f,ML Green,0,0,0,0,0,0,0,0
2,1126729,ICC Women's Championship,female,ODI,2018-07-13,Leicester,6,13,2,de69af96,SFM Devine,cdb82f1c,S Ecclestone,865eae1f,ML Green,1,0,1,0,0,0,0,0
2,1126729,ICC Women's Championship,female,ODI,2018-07-13,Leicester,6,13,3,865eae1f,ML Green,cdb82f1c,S Ecclestone,de69af96,SFM Devine,1,0,1,0,0,0,0,0
2,1126729,ICC Women's Championship,female,ODI,2018-07-13,Leicester,6,13,4,de69af96,SFM Devine,cdb82f1c,S Ecclestone,865eae1f,ML Green,0,0,0,0,0,0,0,0
2,1126729,ICC Women's Championship,female,ODI,2018-07-13,Leicester,6,13,5,de69af96,SFM Devine,cdb82f1c,S Ecclestone,865eae1f,ML Green,3,0,3,0,0,0,0,0
2,1126729,ICC Women's Championship,female,ODI,2018-07-13,Leicester,6,14,0,de69af96,SFM Devine,287ed3a0,GA Elwiss,865eae1f,ML Green,2,0,2,0,0,0,0,0
2,1126729,ICC Women's Championship,female,ODI,2018-07-13,Leicester,6,14,1,de69af96,SFM Devine,287ed3a0,GA Elwiss,865eae1f,ML Green,0,0,0,0,0,0,0,0
2,1126729,ICC Women's Championship,female,ODI,2018-07-13,Leicester,6,14,2,de69af96,SFM Devine,287ed3a0,GA Elwiss,865eae1f,ML Green,1,0,1,0,0,0,0,0
2,1126729,ICC Women's Championship,female,ODI,2018-07-13,Leicester,6,14,3,865eae1f,ML Green,287ed3a0,GA Elwiss,de69af96,SFM Devine,1,0,1,0,0,0,0,0
2,1126729,ICC Women's Championship,female,ODI,2018-07-13,Leicester,6,14,4,de69af96,SFM Devine,287ed3a0,GA Elwiss,865eae1f,ML Green,0,0,0,0,0,0,0,0
2,1126729,ICC Women's Championship,female,ODI,2018-07-13,Leicester,6,14,5,de69af96,SFM Devine,287ed3a0,GA Elwiss,865eae1f,ML Green,0,0,0,0,0,0,0,0
2,1126729,ICC Women's Championship,female,ODI,2018-07-13,Leicester,6,15,0,865eae1f,ML Green,cdb82f1c,S Ecclestone,de69af96,SFM Devine,1,0,1,0,0,0,0,0
2,1126729,ICC Women's Championship,female,ODI,2018-07-13,Leicester,6,15,1,de69af96,SFM Devine,cdb82f1c,S Ecclestone,865eae1f,ML Green,2,0,2,0,0,0,0,0
2,1126729,ICC Women's Championship,female,ODI,2018-07-13,Leicester,6,15,2,de69af96,SFM Devine,cdb82f1c,S Ecclestone,865eae1f,ML Green,0,0,0,0,0,0,0,0
2,1126729,ICC Women's Championship,female,ODI,2018-07-13,Leicester,6,15,3,de69af96,SFM Devine,cdb82f1c,S Ecclestone,865eae1f,ML Green,1,0,1,0,0,0,0,0
2,1126729,ICC Women's Championship,female,ODI,2018-07-13,Leicester,6,15,4,865eae1f,ML Green,cdb82f1c,S Ecclestone,de69af96,SFM Devine,1,0,1,0,0,0,0,0
2,1126729,ICC Women's Championship,female,ODI,2018-07-13,Leicester,6,15,5,de69af96,SFM Devine,cdb82f1c,S Ecclestone,865eae1f,ML Green,0,0,0,0,0,0,0,0
2,1126729,ICC Women's Championship,female,ODI,2018-07-13,Leicester,6,16,0,865eae1f,ML Green,9706e64b,LA Marsh,de69af96,SFM Devine,1,0,1,0,0,0,0,0
2,1126729,ICC Women's Championship,female,ODI,2018-07-13,Leicester,6,16,1,de69af96,SFM Devine,9706e64b,LA Marsh,865eae1f,ML Green,1,0,1,0,0,0,0,0
2,1126729,ICC Women's Championship,female,ODI,2018-07-13,Leicester,6,16,2,865eae1f,ML Green,9706e64b,LA Marsh,de69af96,SFM Devine,0,0,0,0,0,0,0,0
2,1126729,ICC Women's Championship,female,ODI,2018-07-13,Leicester,6,16,3,865eae1f,ML Green,9706e64b,LA Marsh,de69af96,SFM Devine,0,0,0,0,0,0,0,0
2,1126729,ICC Women's Championship,female,ODI,2018-07-13,Leicester,6,16,4,865eae1f,ML Green,9706e64b,LA Marsh,de69af96,SFM Devine,1,0,1,0,0,0,0,0
2,1126729,ICC Women's Championship,female,ODI,2018-07-13,Leicester,6,16,5,de69af96,SFM Devine,9706e64b,LA Marsh,865eae1f,ML Green,0,0,0,0,0,0,0,0
2,1126729,ICC Women's Championship,female,ODI,2018-07-13,Leicester,6,17,0,865eae1f,ML Green,cdb82f1c,S Ecclestone,de69af96,SFM Devine,0,0,0,0,0,0,1,bowled
2,1126729,ICC Women's Championship,female,ODI,2018-07-13,Leicester,6,17,1,89bbc67a,SW Bates,cdb82f1c,S Ecclestone,de69af96,SFM Devine,0,0,0,0,0,0,0,0
2,1126729,ICC Women's Championship,female,ODI,2018-07-13,Leicester,6,17,2,89bbc67a,SW Bates,cdb82f1c,S Ecclestone,de69af96,SFM Devine,0,0,0,0,0,0,0,0
2,1126729,ICC Women's Championship,female,ODI,2018-07-13,Leicester,6,17,3,89bbc67a,SW Bates,cdb82f1c,S Ecclestone,de69af96,SFM Devine,0,0,0,0,0,0,0,0
2,1126729,ICC Women's Championship,female,ODI,2018-07-13,Leicester,6,17,4,89bbc67a,SW Bates,cdb82f1c,S Ecclestone,de69af96,SFM Devine,0,0,0,0,0,0,0,0
2,1126729,ICC Women's Championship,female,ODI,2018-07-13,Leicester,6,17,5,89bbc67a,SW Bates,cdb82f1c,S Ecclestone,de69af96,SFM Devine,0,0,0,0,0,0,0,0
2,1126729,ICC Women's Championship,female,ODI,2018-07-13,Leicester,6,18,0,de69af96,SFM Devine,9706e64b,LA Marsh,89bbc67a,SW Bates,0,0,0,0,0,0,0,0
2,1126729,ICC Women's Championship,female,ODI,2018-07-13,Leicester,6,18,1,de69af96,SFM Devine,9706e64b,LA Marsh,89bbc67a,SW Bates,1,0,1,0,0,0,0,0
2,1126729,ICC Women's Championship,female,ODI,2018-07-13,Leicester,6,18,2,89bbc67a,SW Bates,9706e64b,LA Marsh,de69af96,SFM Devine,1,0,1,0,0,0,0,0
2,1126729,ICC Women's Championship,female,ODI,2018-07-13,Leicester,6,18,3,de69af96,SFM Devine,9706e64b,LA Marsh,89bbc67a,SW Bates,1,0,1,0,0,0,0,0
2,1126729,ICC Women's Championship,female,ODI,2018-07-13,Leicester,6,18,4,89bbc67a,SW Bates,9706e64b,LA Marsh,de69af96,SFM Devine,0,5,5,0,0,1,0,0
2,1126729,ICC Women's Championship,female,ODI,2018-07-13,Leicester,6,18,5,89bbc67a,SW Bates,9706e64b,LA Marsh,de69af96,SFM Devine,0,0,0,0,0,0,0,0
2,1126729,ICC Women's Championship,female,ODI,2018-07-13,Leicester,6,18,6,89bbc67a,SW Bates,9706e64b,LA Marsh,de69af96,SFM Devine,0,0,0,0,0,0,1,bowled
2,1126729,ICC Women's Championship,female,ODI,2018-07-13,Leicester,6,19,0,de69af96,SFM Devine,cdb82f1c,S Ecclestone,72b7ed1e,AE Satterthwaite,0,0,0,0,0,0,0,0
2,1126729,ICC Women's Championship,female,ODI,2018-07-13,Leicester,6,19,1,de69af96,SFM Devine,cdb82f1c,S Ecclestone,72b7ed1e,AE Satterthwaite,0,0,0,0,0,0,0,0
2,1126729,ICC Women's Championship,female,ODI,2018-07-13,Leicester,6,19,2,de69af96,SFM Devine,cdb82f1c,S Ecclestone,72b7ed1e,AE Satterthwaite,0,0,0,0,0,0,0,0
2,1126729,ICC Women's Championship,female,ODI,2018-07-13,Leicester,6,19,3,de69af96,SFM Devine,cdb82f1c,S Ecclestone,72b7ed1e,AE Satterthwaite,1,0,1,0,0,0,0,0
2,1126729,ICC Women's Championship,female,ODI,2018-07-13,Leicester,6,19,4,72b7ed1e,AE Satterthwaite,cdb82f1c,S Ecclestone,de69af96,SFM Devine,0,0,0,0,0,0,0,0
2,1126729,ICC Women's Championship,female,ODI,2018-07-13,Leicester,6,19,5,72b7ed1e,AE Satterthwaite,cdb82f1c,S Ecclestone,de69af96,SFM Devine,0,0,0,0,0,0,0,0
2,1126729,ICC Women's Championship,female,ODI,2018-07-13,Leicester,6,20,0,de69af96,SFM Devine,9706e64b,LA Marsh,72b7ed1e,AE Satterthwaite,6,0,6,0,0,0,0,0
2,1126729,ICC Women's Championship,female,ODI,2018-07-13,Leicester,6,20,1,de69af96,SFM Devine,9706e64b,LA Marsh,72b7ed1e,AE Satterthwaite,0,0,0,0,0,0,0,0
2,1126729,ICC Women's Championship,female,ODI,2018-07-13,Leicester,6,20,2,de69af96,SFM Devine,9706e64b,LA Marsh,72b7ed1e,AE Satterthwaite,0,0,0,0,0,0,0,0
2,1126729,ICC Women's Championship,female,ODI,2018-07-13,Leicester,6,20,3,de69af96,SFM Devine,9706e64b,LA Marsh,72b7ed1e,AE Satterthwaite,0,0,0,0,0,0,0,0
2,1126729,ICC Women's Championship,female,ODI,2018-07-13,Leicester,6,20,4,de69af96,SFM Devine,9706e64b,LA Marsh,72b7ed1e,AE Satterthwaite,1,0,1,0,0,0,0,0
2,1126729,ICC Women's Championship,female,ODI,2018-07-13,Leicester,6,20,5,72b7ed1e,AE Satterthwaite,9706e64b,LA Marsh,de69af96,SFM Devine,0,0,0,0,0,0,0,0
2,1126729,ICC Women's Championship,female,ODI,2018-07-13,Leicester,6,21,0,de69af96,SFM Devine,cdb82f1c,S Ecclestone,72b7ed1e,AE Satterthwaite,0,0,0,0,0,0,0,0
2,1126729,ICC Women's Championship,female,ODI,2018-07-13,Leicester,6,21,1,de69af96,SFM Devine,cdb82f1c,S Ecclestone,72b7ed1e,AE Satterthwaite,1,0,1,0,0,0,0,0
2,1126729,ICC Women's Championship,female,ODI,2018-07-13,Leicester,6,21,2,72b7ed1e,AE Satterthwaite,cdb82f1c,S Ecclestone,de69af96,SFM Devine,0,0,0,0,0,0,0,0
2,1126729,ICC Women's Championship,female,ODI,2018-07-13,Leicester,6,21,3,72b7ed1e,AE Satterthwaite,cdb82f1c,S Ecclestone,de69af96,SFM Devine,1,0,1,0,0,0,0,0
2,1126729,ICC Women's Championship,female,ODI,2018-07-13,Leicester,6,21,4,de69af96,SFM Devine,cdb82f1c,S Ecclestone,72b7ed1e,AE Satterthwaite,1,0,1,0,0,0,0,0
2,1126729,ICC Women's Championship,female,ODI,2018-07-13,Leicester,6,21,5,72b7ed1e,AE Satterthwaite,cdb82f1c,S Ecclestone,de69af96,SFM Devine,0,0,0,0,0,0,0,0
2,1126729,ICC Women's Championship,female,ODI,2018-07-13,Leicester,6,22,0,de69af96,SFM Devine,9706e64b,LA Marsh,72b7ed1e,AE Satterthwaite,0,0,0,0,0,0,0,0
2,1126729,ICC Women's Championship,female,ODI,2018-07-13,Leicester,6,22,1,de69af96,SFM Devine,9706e64b,LA Marsh,72b7ed1e,AE Satterthwaite,4,0,4,0,0,0,0,0
2,1126729,ICC Women's Championship,female,ODI,2018-07-13,Leicester,6,22,2,de69af96,SFM Devine,9706e64b,LA Marsh,72b7ed1e,AE Satterthwaite,1,0,1,0,0,0,0,0
2,1126729,ICC Women's Championship,female,ODI,2018-07-13,Leicester,6,22,3,72b7ed1e,AE Satterthwaite,9706e64b,LA Marsh,de69af96,SFM Devine,2,0,2,0,0,0,0,0
2,1126729,ICC Women's Championship,female,ODI,2018-07-13,Leicester,6,22,4,72b7ed1e,AE Satterthwaite,9706e64b,LA Marsh,de69af96,SFM Devine,2,0,2,0,0,0,0,0
2,1126729,ICC Women's Championship,female,ODI,2018-07-13,Leicester,6,22,5,72b7ed1e,AE Satterthwaite,9706e64b,LA Marsh,de69af96,SFM Devine,0,0,0,0,0,0,0,0
2,1126729,ICC Women's Championship,female,ODI,2018-07-13,Leicester,6,23,0,de69af96,SFM Devine,cdb82f1c,S Ecclestone,72b7ed1e,AE Satterthwaite,1,0,1,0,0,0,0,0
2,1126729,ICC Women's Championship,female,ODI,2018-07-13,Leicester,6,23,1,72b7ed1e,AE Satterthwaite,cdb82f1c,S Ecclestone,de69af96,SFM Devine,0,0,0,0,0,0,0,0
2,1126729,ICC Women's Championship,female,ODI,2018-07-13,Leicester,6,23,2,72b7ed1e,AE Satterthwaite,cdb82f1c,S Ecclestone,de69af96,SFM Devine,0,0,0,0,0,0,0,0
2,1126729,ICC Women's Championship,female,ODI,2018-07-13,Leicester,6,23,3,72b7ed1e,AE Satterthwaite,cdb82f1c,S Ecclestone,de69af96,SFM Devine,1,0,1,0,0,0,0,0
2,1126729,ICC Women's Championship,female,ODI,2018-07-13,Leicester,6,23,4,de69af96,SFM Devine,cdb82f1c,S Ecclestone,72b7ed1e,AE Satterthwaite,0,0,0,0,0,0,0,0
2,1126729,ICC Women's Championship,female,ODI,2018-07-13,Leicester,6,23,5,de69af96,SFM Devine,cdb82f1c,S Ecclestone,72b7ed1e,AE Satterthwaite,4,0,4,0,0,0,0,0
2,1126729,ICC Women's Championship,female,ODI,2018-07-13,Leicester,6,24,0,72b7ed1e,AE Satterthwaite,9706e64b,LA Marsh,de69af96,SFM Devine,4,0,4,0,0,0,0,0
2,1126729,ICC Women's Championship,female,ODI,2018-07-13,Leicester,6,24,1,72b7ed1e,AE Satterthwaite,9706e64b,LA Marsh,de69af96,SFM Devine,1,0,1,0,0,0,0,0
2,1126729,ICC Women's Championship,female,ODI,2018-07-13,Leicester,6,24,2,de69af96,SFM Devine,9706e64b,LA Marsh,72b7ed1e,AE Satterthwaite,0,1,1,1,0,0,0,0
2,1126729,ICC Women's Championship,female,ODI,2018-07-13,Leicester,6,24,3,72b7ed1e,AE Satterthwaite,9706e64b,LA Marsh,de69af96,SFM Devine,0,0,0,0,0,0,0,0
2,1126729,ICC Women's Championship,female,ODI,2018-07-13,Leicester,6,24,4,72b7ed1e,AE Satterthwaite,9706e64b,LA Marsh,de69af96,SFM Devine,1,0,1,0,0,0,0,0
2,1126729,ICC Women's Championship,female,ODI,2018-07-13,Leicester,6,24,5,de69af96,SFM Devine,9706e64b,LA Marsh,72b7ed1e,AE Satterthwaite,0,0,0,0,0,0,0,0
2,1126729,ICC Women's Championship,female,ODI,2018-07-13,Leicester,6,25,0,72b7ed1e,AE Satterthwaite,287ed3a0,GA Elwiss,de69af96,SFM Devine,0,0,0,0,0,0,0,0
2,1126729,ICC Women's Championship,female,ODI,2018-07-13,Leicester,6,25,1,72b7ed1e,AE Satterthwaite,287ed3a0,GA Elwiss,de69af96,SFM Devine,0,0,0,0,0,0,0,0
2,1126729,ICC Women's Championship,female,ODI,2018-07-13,Leicester,6,25,2,72b7ed1e,AE Satterthwaite,287ed3a0,GA Elwiss,de69af96,SFM Devine,0,0,0,0,0,0,0,0
2,1126729,ICC Women's Championship,female,ODI,2018-07-13,Leicester,6,25,3,72b7ed1e,AE Satterthwaite,287ed3a0,GA Elwiss,de69af96,SFM Devine,0,0,0,0,0,0,0,0
2,1126729,ICC Women's Championship,female,ODI,2018-07-13,Leicester,6,25,4,72b7ed1e,AE Satterthwaite,287ed3a0,GA Elwiss,de69af96,SFM Devine,1,0,1,0,0,0,0,0
2,1126729,ICC Women's Championship,female,ODI,2018-07-13,Leicester,6,25,5,de69af96,SFM Devine,287ed3a0,GA Elwiss,72b7ed1e,AE Satterthwaite,4,0,4,0,0,0,0,0
2,1126729,ICC Women's Championship,female,ODI,2018-07-13,Leicester,6,26,0,72b7ed1e,AE Satterthwaite,6a434bd3,KH Brunt,de69af96,SFM Devine,1,0,1,0,0,0,0,0
2,1126729,ICC Women's Championship,female,ODI,2018-07-13,Leicester,6,26,1,de69af96,SFM Devine,6a434bd3,KH Brunt,72b7ed1e,AE Satterthwaite,0,1,1,1,0,0,0,0
2,1126729,ICC Women's Championship,female,ODI,2018-07-13,Leicester,6,26,2,72b7ed1e,AE Satterthwaite,6a434bd3,KH Brunt,de69af96,SFM Devine,0,0,0,0,0,0,0,0
2,1126729,ICC Women's Championship,female,ODI,2018-07-13,Leicester,6,26,3,72b7ed1e,AE Satterthwaite,6a434bd3,KH Brunt,de69af96,SFM Devine,1,0,1,0,0,0,0,0
2,1126729,ICC Women's Championship,female,ODI,2018-07-13,Leicester,6,26,4,de69af96,SFM Devine,6a434bd3,KH Brunt,72b7ed1e,AE Satterthwaite,1,0,1,0,0,0,0,0
2,1126729,ICC Women's Championship,female,ODI,2018-07-13,Leicester,6,26,5,72b7ed1e,AE Satterthwaite,6a434bd3,KH Brunt,de69af96,SFM Devine,1,0,1,0,0,0,0,0
2,1126729,ICC Women's Championship,female,ODI,2018-07-13,Leicester,6,27,0,72b7ed1e,AE Satterthwaite,287ed3a0,GA Elwiss,de69af96,SFM Devine,1,0,1,0,0,0,0,0
2,1126729,ICC Women's Championship,female,ODI,2018-07-13,Leicester,6,27,1,de69af96,SFM Devine,287ed3a0,GA Elwiss,72b7ed1e,AE Satterthwaite,4,0,4,0,0,0,0,0
2,1126729,ICC Women's Championship,female,ODI,2018-07-13,Leicester,6,27,2,de69af96,SFM Devine,287ed3a0,GA Elwiss,72b7ed1e,AE Satterthwaite,1,0,1,0,0,0,0,0
2,1126729,ICC Women's Championship,female,ODI,2018-07-13,Leicester,6,27,3,72b7ed1e,AE Satterthwaite,287ed3a0,GA Elwiss,de69af96,SFM Devine,4,0,4,0,0,0,0,0
2,1126729,ICC Women's Championship,female,ODI,2018-07-13,Leicester,6,27,4,72b7ed1e,AE Satterthwaite,287ed3a0,GA Elwiss,de69af96,SFM Devine,4,0,4,0,0,0,0,0
2,1126729,ICC Women's Championship,female,ODI,2018-07-13,Leicester,6,27,5,72b7ed1e,AE Satterthwaite,287ed3a0,GA Elwiss,de69af96,SFM Devine,0,0,0,0,0,0,0,0
2,1126729,ICC Women's Championship,female,ODI,2018-07-13,Leicester,6,28,0,de69af96,SFM Devine,6a434bd3,KH Brunt,72b7ed1e,AE Satterthwaite,1,0,1,0,0,0,0,0
2,1126729,ICC Women's Championship,female,ODI,2018-07-13,Leicester,6,28,1,72b7ed1e,AE Satterthwaite,6a434bd3,KH Brunt,de69af96,SFM Devine,0,0,0,0,0,0,1,bowled
2,1126729,ICC Women's Championship,female,ODI,2018-07-13,Leicester,6,28,2,564afdcf,B Bezuidenhout,6a434bd3,KH Brunt,de69af96,SFM Devine,0,0,0,0,0,0,0,0
2,1126729,ICC Women's Championship,female,ODI,2018-07-13,Leicester,6,28,3,564afdcf,B Bezuidenhout,6a434bd3,KH Brunt,de69af96,SFM Devine,0,0,0,0,0,0,0,0
2,1126729,ICC Women's Championship,female,ODI,2018-07-13,Leicester,6,28,4,564afdcf,B Bezuidenhout,6a434bd3,KH Brunt,de69af96,SFM Devine,1,0,1,0,0,0,0,0
2,1126729,ICC Women's Championship,female,ODI,2018-07-13,Leicester,6,28,5,de69af96,SFM Devine,6a434bd3,KH Brunt,564afdcf,B Bezuidenhout,0,0,0,0,0,0,0,0
2,1126729,ICC Women's Championship,female,ODI,2018-07-13,Leicester,6,29,0,564afdcf,B Bezuidenhout,cdb82f1c,S Ecclestone,de69af96,SFM Devine,0,0,0,0,0,0,0,0
2,1126729,ICC Women's Championship,female,ODI,2018-07-13,Leicester,6,29,1,564afdcf,B Bezuidenhout,cdb82f1c,S Ecclestone,de69af96,SFM Devine,2,0,2,0,0,0,0,0
2,1126729,ICC Women's Championship,female,ODI,2018-07-13,Leicester,6,29,2,564afdcf,B Bezuidenhout,cdb82f1c,S Ecclestone,de69af96,SFM Devine,0,0,0,0,0,0,0,0
2,1126729,ICC Women's Championship,female,ODI,2018-07-13,Leicester,6,29,3,564afdcf,B Bezuidenhout,cdb82f1c,S Ecclestone,de69af96,SFM Devine,0,0,0,0,0,0,0,0
2,1126729,ICC Women's Championship,female,ODI,2018-07-13,Leicester,6,29,4,564afdcf,B Bezuidenhout,cdb82f1c,S Ecclestone,de69af96,SFM Devine,0,0,0,0,0,0,0,0
2,1126729,ICC Women's Championship,female,ODI,2018-07-13,Leicester,6,29,5,564afdcf,B Bezuidenhout,cdb82f1c,S Ecclestone,de69af96,SFM Devine,0,0,0,0,0,0,0,0
2,1126729,ICC Women's Championship,female,ODI,2018-07-13,Leicester,6,30,0,de69af96,SFM Devine,6a434bd3,KH Brunt,564afdcf,B Bezuidenhout,1,0,1,0,0,0,0,0
2,1126729,ICC Women's Championship,female,ODI,2018-07-13,Leicester,6,30,1,564afdcf,B Bezuidenhout,6a434bd3,KH Brunt,de69af96,SFM Devine,0,2,2,0,0,1,0,0
2,1126729,ICC Women's Championship,female,ODI,2018-07-13,Leicester,6,30,2,de69af96,SFM Devine,6a434bd3,KH Brunt,564afdcf,B Bezuidenhout,0,0,0,0,0,0,0,0
2,1126729,ICC Women's Championship,female,ODI,2018-07-13,Leicester,6,30,3,de69af96,SFM Devine,6a434bd3,KH Brunt,564afdcf,B Bezuidenhout,1,0,1,0,0,0,0,0
2,1126729,ICC Women's Championship,female,ODI,2018-07-13,Leicester,6,30,4,564afdcf,B Bezuidenhout,6a434bd3,KH Brunt,de69af96,SFM Devine,0,0,0,0,0,0,0,0
2,1126729,ICC Women's Championship,female,ODI,2018-07-13,Leicester,6,30,5,564afdcf,B Bezuidenhout,6a434bd3,KH Brunt,de69af96,SFM Devine,0,0,0,0,0,0,0,0
2,1126729,ICC Women's Championship,female,ODI,2018-07-13,Leicester,6,30,6,564afdcf,B Bezuidenhout,6a434bd3,KH Brunt,de69af96,SFM Devine,1,0,1,0,0,0,0,0
2,1126729,ICC Women's Championship,female,ODI,2018-07-13,Leicester,6,31,0,564afdcf,B Bezuidenhout,cdb82f1c,S Ecclestone,de69af96,SFM Devine,0,0,0,0,0,0,0,0
2,1126729,ICC Women's Championship,female,ODI,2018-07-13,Leicester,6,31,1,564afdcf,B Bezuidenhout,cdb82f1c,S Ecclestone,de69af96,SFM Devine,0,0,0,0,0,0,0,0
2,1126729,ICC Women's Championship,female,ODI,2018-07-13,Leicester,6,31,2,564afdcf,B Bezuidenhout,cdb82f1c,S Ecclestone,de69af96,SFM Devine,0,0,0,0,0,0,0,0
2,1126729,ICC Women's Championship,female,ODI,2018-07-13,Leicester,6,31,3,564afdcf,B Bezuidenhout,cdb82f1c,S Ecclestone,de69af96,SFM Devine,0,0,0,0,0,0,1,lbw
2,1126729,ICC Women's Championship,female,ODI,2018-07-13,Leicester,6,31,4,cf75a839,KJ Martin,cdb82f1c,S Ecclestone,de69af96,SFM Devine,0,0,0,0,0,0,0,0
2,1126729,ICC Women's Championship,female,ODI,2018-07-13,Leicester,6,31,5,cf75a839,KJ Martin,cdb82f1c,S Ecclestone,de69af96,SFM Devine,4,0,4,0,0,0,0,0
2,1126729,ICC Women's Championship,female,ODI,2018-07-13,Leicester,6,32,0,de69af96,SFM Devine,1ade138e,KL Cross,cf75a839,KJ Martin,0,0,0,0,0,0,0,0
2,1126729,ICC Women's Championship,female,ODI,2018-07-13,Leicester,6,32,1,de69af96,SFM Devine,1ade138e,KL Cross,cf75a839,KJ Martin,1,0,1,0,0,0,0,0
2,1126729,ICC Women's Championship,female,ODI,2018-07-13,Leicester,6,32,2,cf75a839,KJ Martin,1ade138e,KL Cross,de69af96,SFM Devine,0,0,0,0,0,0,0,0
2,1126729,ICC Women's Championship,female,ODI,2018-07-13,Leicester,6,32,3,cf75a839,KJ Martin,1ade138e,KL Cross,de69af96,SFM Devine,0,0,0,0,0,0,0,0
2,1126729,ICC Women's Championship,female,ODI,2018-07-13,Leicester,6,32,4,cf75a839,KJ Martin,1ade138e,KL Cross,de69af96,SFM Devine,0,0,0,0,0,0,0,0
2,1126729,ICC Women's Championship,female,ODI,2018-07-13,Leicester,6,32,5,cf75a839,KJ Martin,1ade138e,KL Cross,de69af96,SFM Devine,0,0,0,0,0,0,0,0
2,1126729,ICC Women's Championship,female,ODI,2018-07-13,Leicester,6,33,0,de69af96,SFM Devine,cdb82f1c,S Ecclestone,cf75a839,KJ Martin,0,0,0,0,0,0,0,0
2,1126729,ICC Women's Championship,female,ODI,2018-07-13,Leicester,6,33,1,de69af96,SFM Devine,cdb82f1c,S Ecclestone,cf75a839,KJ Martin,0,1,1,0,0,1,0,0
2,1126729,ICC Women's Championship,female,ODI,2018-07-13,Leicester,6,33,2,de69af96,SFM Devine,cdb82f1c,S Ecclestone,cf75a839,KJ Martin,0,0,0,0,0,0,0,0
2,1126729,ICC Women's Championship,female,ODI,2018-07-13,Leicester,6,33,3,de69af96,SFM Devine,cdb82f1c,S Ecclestone,cf75a839,KJ Martin,4,0,4,0,0,0,0,0
2,1126729,ICC Women's Championship,female,ODI,2018-07-13,Leicester,6,33,4,de69af96,SFM Devine,cdb82f1c,S Ecclestone,cf75a839,KJ Martin,1,0,1,0,0,0,0,0
2,1126729,ICC Women's Championship,female,ODI,2018-07-13,Leicester,6,33,5,cf75a839,KJ Martin,cdb82f1c,S Ecclestone,de69af96,SFM Devine,0,0,0,0,0,0,0,0
2,1126729,ICC Women's Championship,female,ODI,2018-07-13,Leicester,6,33,6,cf75a839,KJ Martin,cdb82f1c,S Ecclestone,de69af96,SFM Devine,0,0,0,0,0,0,0,0
2,1126729,ICC Women's Championship,female,ODI,2018-07-13,Leicester,6,34,0,de69af96,SFM Devine,1ade138e,KL Cross,cf75a839,KJ Martin,1,0,1,0,0,0,0,0
2,1126729,ICC Women's Championship,female,ODI,2018-07-13,Leicester,6,34,1,cf75a839,KJ Martin,1ade138e,KL Cross,de69af96,SFM Devine,4,0,4,0,0,0,0,0
2,1126729,ICC Women's Championship,female,ODI,2018-07-13,Leicester,6,34,2,cf75a839,KJ Martin,1ade138e,KL Cross,de69af96,SFM Devine,1,0,1,0,0,0,0,0
2,1126729,ICC Women's Championship,female,ODI,2018-07-13,Leicester,6,34,3,de69af96,SFM Devine,1ade138e,KL Cross,cf75a839,KJ Martin,0,0,0,0,0,0,0,0
2,1126729,ICC Women's Championship,female,ODI,2018-07-13,Leicester,6,34,4,de69af96,SFM Devine,1ade138e,KL Cross,cf75a839,KJ Martin,0,0,0,0,0,0,0,0
2,1126729,ICC Women's Championship,female,ODI,2018-07-13,Leicester,6,34,5,de69af96,SFM Devine,1ade138e,KL Cross,cf75a839,KJ Martin,0,1,1,1,0,0,0,0
2,1126729,ICC Women's Championship,female,ODI,2018-07-13,Leicester,6,35,0,de69af96,SFM Devine,f3a18a0c,NR Sciver,cf75a839,KJ Martin,0,0,0,0,0,0,0,0
2,1126729,ICC Women's Championship,female,ODI,2018-07-13,Leicester,6,35,1,de69af96,SFM Devine,f3a18a0c,NR Sciver,cf75a839,KJ Martin,1,0,1,0,0,0,0,0
2,1126729,ICC Women's Championship,female,ODI,2018-07-13,Leicester,6,35,2,cf75a839,KJ Martin,f3a18a0c,NR Sciver,de69af96,SFM Devine,1,0,1,0,0,0,0,0
2,1126729,ICC Women's Championship,female,ODI,2018-07-13,Leicester,6,35,3,de69af96,SFM Devine,f3a18a0c,NR Sciver,cf75a839,KJ Martin,0,0,0,0,0,0,0,0
2,1126729,ICC Women's Championship,female,ODI,2018-07-13,Leicester,6,35,4,de69af96,SFM Devine,f3a18a0c,NR Sciver,cf75a839,KJ Martin,1,0,1,0,0,0,0,0
2,1126729,ICC Women's Championship,female,ODI,2018-07-13,Leicester,6,35,5,cf75a839,KJ Martin,f3a18a0c,NR Sciver,de69af96,SFM Devine,0,0,0,0,0,0,0,0
2,1126729,ICC Women's Championship,female,ODI,2018-07-13,Leicester,6,36,0,de69af96,SFM Devine,9706e64b,LA Marsh,cf75a839,KJ Martin,0,0,0,0,0,0,0,0
2,1126729,ICC Women's Championship,female,ODI,2018-07-13,Leicester,6,36,1,de69af96,SFM Devine,9706e64b,LA Marsh,cf75a839,KJ Martin,1,0,1,0,0,0,0,0
2,1126729,ICC Women's Championship,female,ODI,2018-07-13,Leicester,6,36,2,cf75a839,KJ Martin,9706e64b,LA Marsh,de69af96,SFM Devine,3,0,3,0,0,0,0,0
2,1126729,ICC Women's Championship,female,ODI,2018-07-13,Leicester,6,36,3,de69af96,SFM Devine,9706e64b,LA Marsh,cf75a839,KJ Martin,1,0,1,0,0,0,0,0
2,1126729,ICC Women's Championship,female,ODI,2018-07-13,Leicester,6,36,4,cf75a839,KJ Martin,9706e64b,LA Marsh,de69af96,SFM Devine,0,0,0,0,0,0,0,0
2,1126729,ICC Women's Championship,female,ODI,2018-07-13,Leicester,6,36,5,cf75a839,KJ Martin,9706e64b,LA Marsh,de69af96,SFM Devine,0,0,0,0,0,0,0,0
2,1126729,ICC Women's Championship,female,ODI,2018-07-13,Leicester,6,37,0,de69af96,SFM Devine,f3a18a0c,NR Sciver,cf75a839,KJ Martin,4,0,4,0,0,0,0,0
2,1126729,ICC Women's Championship,female,ODI,2018-07-13,Leicester,6,37,1,de69af96,SFM Devine,f3a18a0c,NR Sciver,cf75a839,KJ Martin,0,0,0,0,0,0,0,0
2,1126729,ICC Women's Championship,female,ODI,2018-07-13,Leicester,6,37,2,de69af96,SFM Devine,f3a18a0c,NR Sciver,cf75a839,KJ Martin,2,0,2,0,0,0,0,0
2,1126729,ICC Women's Championship,female,ODI,2018-07-13,Leicester,6,37,3,de69af96,SFM Devine,f3a18a0c,NR Sciver,cf75a839,KJ Martin,1,0,1,0,0,0,0,0
2,1126729,ICC Women's Championship,female,ODI,2018-07-13,Leicester,6,37,4,cf75a839,KJ Martin,f3a18a0c,NR Sciver,de69af96,SFM Devine,1,0,1,0,0,0,0,0
2,1126729,ICC Women's Championship,female,ODI,2018-07-13,Leicester,6,37,5,de69af96,SFM Devine,f3a18a0c,NR Sciver,cf75a839,KJ Martin,1,0,1,0,0,0,0,0
2,1126729,ICC Women's Championship,female,ODI,2018-07-13,Leicester,6,38,0,de69af96,SFM Devine,9706e64b,LA Marsh,cf75a839,KJ Martin,1,0,1,0,0,0,0,0
2,1126729,ICC Women's Championship,female,ODI,2018-07-13,Leicester,6,38,1,cf75a839,KJ Martin,9706e64b,LA Marsh,de69af96,SFM Devine,4,0,4,0,0,0,0,0
2,1126729,ICC Women's Championship,female,ODI,2018-07-13,Leicester,6,38,2,cf75a839,KJ Martin,9706e64b,LA Marsh,de69af96,SFM Devine,0,0,0,0,0,0,0,0
2,1126729,ICC Women's Championship,female,ODI,2018-07-13,Leicester,6,38,3,cf75a839,KJ Martin,9706e64b,LA Marsh,de69af96,SFM Devine,0,0,0,0,0,0,0,0
2,1126729,ICC Women's Championship,female,ODI,2018-07-13,Leicester,6,38,4,cf75a839,KJ Martin,9706e64b,LA Marsh,de69af96,SFM Devine,0,0,0,0,0,0,0,0
2,1126729,ICC Women's Championship,female,ODI,2018-07-13,Leicester,6,38,5,cf75a839,KJ Martin,9706e64b,LA Marsh,de69af96,SFM Devine,4,0,4,0,0,0,0,0
2,1126729,ICC Women's Championship,female,ODI,2018-07-13,Leicester,6,39,0,de69af96,SFM Devine,287ed3a0,GA Elwiss,cf75a839,KJ Martin,1,0,1,0,0,0,0,0
2,1126729,ICC Women's Championship,female,ODI,2018-07-13,Leicester,6,39,1,cf75a839,KJ Martin,287ed3a0,GA Elwiss,de69af96,SFM Devine,0,0,0,0,0,0,0,0
2,1126729,ICC Women's Championship,female,ODI,2018-07-13,Leicester,6,39,2,cf75a839,KJ Martin,287ed3a0,GA Elwiss,de69af96,SFM Devine,1,0,1,0,0,0,1,run out
2,1126729,ICC Women's Championship,female,ODI,2018-07-13,Leicester,6,39,3,7673c908,AC Kerr,287ed3a0,GA Elwiss,de69af96,SFM Devine,0,0,0,0,0,0,0,0
2,1126729,ICC Women's Championship,female,ODI,2018-07-13,Leicester,6,39,4,7673c908,AC Kerr,287ed3a0,GA Elwiss,de69af96,SFM Devine,1,0,1,0,0,0,0,0
2,1126729,ICC Women's Championship,female,ODI,2018-07-13,Leicester,6,39,5,de69af96,SFM Devine,287ed3a0,GA Elwiss,7673c908,AC Kerr,0,0,0,0,0,0,0,0
2,1126729,ICC Women's Championship,female,ODI,2018-07-13,Leicester,6,40,0,7673c908,AC Kerr,9706e64b,LA Marsh,de69af96,SFM Devine,0,0,0,0,0,0,0,0
2,1126729,ICC Women's Championship,female,ODI,2018-07-13,Leicester,6,40,1,7673c908,AC Kerr,9706e64b,LA Marsh,de69af96,SFM Devine,0,0,0,0,0,0,0,0
2,1126729,ICC Women's Championship,female,ODI,2018-07-13,Leicester,6,40,2,7673c908,AC Kerr,9706e64b,LA Marsh,de69af96,SFM Devine,0,0,0,0,0,0,0,0
2,1126729,ICC Women's Championship,female,ODI,2018-07-13,Leicester,6,40,3,7673c908,AC Kerr,9706e64b,LA Marsh,de69af96,SFM Devine,0,0,0,0,0,0,0,0
2,1126729,ICC Women's Championship,female,ODI,2018-07-13,Leicester,6,40,4,7673c908,AC Kerr,9706e64b,LA Marsh,de69af96,SFM Devine,2,0,2,0,0,0,0,0
2,1126729,ICC Women's Championship,female,ODI,2018-07-13,Leicester,6,40,5,7673c908,AC Kerr,9706e64b,LA Marsh,de69af96,SFM Devine,0,0,0,0,0,0,0,0
2,1126729,ICC Women's Championship,female,ODI,2018-07-13,Leicester,6,41,0,de69af96,SFM Devine,287ed3a0,GA Elwiss,7673c908,AC Kerr,4,0,4,0,0,0,0,0
2,1126729,ICC Women's Championship,female,ODI,2018-07-13,Leicester,6,41,1,de69af96,SFM Devine,287ed3a0,GA Elwiss,7673c908,AC Kerr,1,0,1,0,0,0,0,0
2,1126729,ICC Women's Championship,female,ODI,2018-07-13,Leicester,6,41,2,7673c908,AC Kerr,287ed3a0,GA Elwiss,de69af96,SFM Devine,1,0,1,0,0,0,0,0
2,1126729,ICC Women's Championship,female,ODI,2018-07-13,Leicester,6,41,3,de69af96,SFM Devine,287ed3a0,GA Elwiss,7673c908,AC Kerr,1,0,1,0,0,0,0,0
2,1126729,ICC Women's Championship,female,ODI,2018-07-13,Leicester,6,41,4,7673c908,AC Kerr,287ed3a0,GA Elwiss,de69af96,SFM Devine,1,0,1,0,0,0,0,0
2,1126729,ICC Women's Championship,female,ODI,2018-07-13,Leicester,6,41,5,de69af96,SFM Devine,287ed3a0,GA Elwiss,7673c908,AC Kerr,0,0,0,0,0,0,0,0
2,1126729,ICC Women's Championship,female,ODI,2018-07-13,Leicester,6,42,0,7673c908,AC Kerr,6a434bd3,KH Brunt,de69af96,SFM Devine,2,0,2,0,0,0,0,0
2,1126729,ICC Women's Championship,female,ODI,2018-07-13,Leicester,6,42,1,7673c908,AC Kerr,6a434bd3,KH Brunt,de69af96,SFM Devine,0,0,0,0,0,0,0,0
2,1126729,ICC Women's Championship,female,ODI,2018-07-13,Leicester,6,42,2,7673c908,AC Kerr,6a434bd3,KH Brunt,de69af96,SFM Devine,0,0,0,0,0,0,0,0
2,1126729,ICC Women's Championship,female,ODI,2018-07-13,Leicester,6,42,3,7673c908,AC Kerr,6a434bd3,KH Brunt,de69af96,SFM Devine,1,0,1,0,0,0,0,0
2,1126729,ICC Women's Championship,female,ODI,2018-07-13,Leicester,6,42,4,de69af96,SFM Devine,6a434bd3,KH Brunt,7673c908,AC Kerr,0,1,1,0,0,1,0,0
2,1126729,ICC Women's Championship,female,ODI,2018-07-13,Leicester,6,42,5,de69af96,SFM Devine,6a434bd3,KH Brunt,7673c908,AC Kerr,1,0,1,0,0,0,0,0
2,1126729,ICC Women's Championship,female,ODI,2018-07-13,Leicester,6,42,6,7673c908,AC Kerr,6a434bd3,KH Brunt,de69af96,SFM Devine,0,0,0,0,0,0,0,0
2,1126729,ICC Women's Championship,female,ODI,2018-07-13,Leicester,6,43,0,de69af96,SFM Devine,9706e64b,LA Marsh,7673c908,AC Kerr,0,0,0,0,0,0,0,0
2,1126729,ICC Women's Championship,female,ODI,2018-07-13,Leicester,6,43,1,de69af96,SFM Devine,9706e64b,LA Marsh,7673c908,AC Kerr,1,0,1,0,0,0,0,0
2,1126729,ICC Women's Championship,female,ODI,2018-07-13,Leicester,6,43,2,7673c908,AC Kerr,9706e64b,LA Marsh,de69af96,SFM Devine,0,0,0,0,0,0,0,0
2,1126729,ICC Women's Championship,female,ODI,2018-07-13,Leicester,6,43,3,7673c908,AC Kerr,9706e64b,LA Marsh,de69af96,SFM Devine,0,0,0,0,0,0,0,0
2,1126729,ICC Women's Championship,female,ODI,2018-07-13,Leicester,6,43,4,7673c908,AC Kerr,9706e64b,LA Marsh,de69af96,SFM Devine,0,0,0,0,0,0,0,0
2,1126729,ICC Women's Championship,female,ODI,2018-07-13,Leicester,6,43,5,7673c908,AC Kerr,9706e64b,LA Marsh,de69af96,SFM Devine,4,0,4,0,0,0,0,0
2,1126729,ICC Women's Championship,female,ODI,2018-07-13,Leicester,6,44,0,de69af96,SFM Devine,6a434bd3,KH Brunt,7673c908,AC Kerr,0,0,0,0,0,0,0,0
2,1126729,ICC Women's Championship,female,ODI,2018-07-13,Leicester,6,44,1,de69af96,SFM Devine,6a434bd3,KH Brunt,7673c908,AC Kerr,0,0,0,0,0,0,0,0
2,1126729,ICC Women's Championship,female,ODI,2018-07-13,Leicester,6,44,2,de69af96,SFM Devine,6a434bd3,KH Brunt,7673c908,AC Kerr,0,1,1,0,0,1,0,0
2,1126729,ICC Women's Championship,female,ODI,2018-07-13,Leicester,6,44,3,de69af96,SFM Devine,6a434bd3,KH Brunt,7673c908,AC Kerr,0,0,0,0,0,0,0,0
2,1126729,ICC Women's Championship,female,ODI,2018-07-13,Leicester,6,44,4,de69af96,SFM Devine,6a434bd3,KH Brunt,7673c908,AC Kerr,6,0,6,0,0,0,0,0
